Supplier ID,Name,Region,Material,Price per Unit (USD),Lead Time,Status,Rating
7001,"Higgins, Hendricks and Wilson",NA,Scaffolding,8405.26,36 days,Inactive,3.5/5.0
7002,"Griffith, Campbell and Lopez",MEA,Glass Panels,13116.85,23 days,Active,2.8/5.0
7003,Garcia and Sons,MEA,Concrete Mixers,1403.04,18 days,Pending,4.6/5.0
7004,Green-Daniel,MEA,Cement Bags,4526.54,39 days,Inactive,4.1/5.0
7005,Fowler-Underwood,NA,Cement Bags,12153.32,30 days,Pending,4.4/5.0
7006,Obrien-Gutierrez,APAC,Concrete Mixers,8832.99,5 days,Active,4.6/5.0
7007,Contreras Ltd,MEA,Concrete Mixers,5764.06,37 days,Active,3.2/5.0
7008,Aguirre-Cantrell,LATAM,Glass Panels,6133.55,31 days,Active,3.7/5.0
7009,Higgins LLC,APAC,Glass Panels,9772.01,15 days,Active,4.0/5.0
7010,"Martinez, Smith and White",MEA,Glass Panels,3799.38,18 days,Active,4.9/5.0
7011,"Gutierrez, Quinn and Allen",EU,Cement Bags,11681.54,14 days,Inactive,3.9/5.0
7012,"Thompson, Sutton and Jones",LATAM,Glass Panels,10340.64,35 days,Pending,3.9/5.0
7013,May Inc,MEA,Concrete Mixers,1252.16,5 days,Pending,2.8/5.0
7014,Bennett Ltd,MEA,Concrete Mixers,7116.71,33 days,Pending,3.4/5.0
7015,Thompson-Morris,LATAM,Concrete Mixers,753.3,21 days,Inactive,3.8/5.0
7016,Carr Inc,MEA,Cement Bags,8382.88,5 days,Pending,2.8/5.0
7017,Elliott Ltd,NA,Cement Bags,14647.73,6 days,Active,4.1/5.0
7018,"Newton, Moore and Perkins",APAC,Glass Panels,6587.79,17 days,Active,3.2/5.0
7019,Jones PLC,APAC,Steel Rebars,2258.44,37 days,Active,4.0/5.0
7020,"Rodriguez, Mckinney and Stewart",LATAM,Cement Bags,3365.79,29 days,Pending,2.5/5.0
7021,"Mckee, Butler and Morgan",MEA,Scaffolding,3467.7,40 days,Inactive,3.2/5.0
7022,"Garza, Miller and Aguilar",LATAM,Scaffolding,8197.06,32 days,Active,3.0/5.0
7023,"Briggs, Stokes and Pierce",LATAM,Glass Panels,3431.87,29 days,Inactive,2.8/5.0
7024,Hughes and Sons,NA,Concrete Mixers,5730.21,38 days,Active,4.5/5.0
7025,"Ortiz, Perry and Lopez",NA,Glass Panels,14257.01,30 days,Active,4.5/5.0
7026,Burgess-Benjamin,EU,Concrete Mixers,7298.02,38 days,Inactive,3.4/5.0
7027,Adkins-Cohen,EU,Steel Rebars,5171.65,22 days,Pending,3.6/5.0
7028,White-Kelly,EU,Concrete Mixers,110.95,9 days,Active,3.2/5.0
7029,Lyons LLC,EU,Cement Bags,5487.17,33 days,Pending,3.8/5.0
7030,Sullivan-Gibson,LATAM,Concrete Mixers,1164.43,31 days,Active,4.0/5.0
7031,"Clark, Richards and Brown",MEA,Cement Bags,3396.9,35 days,Active,2.6/5.0
7032,Stout Group,MEA,Glass Panels,5427.43,33 days,Inactive,3.0/5.0
7033,Bray-Huff,MEA,Cement Bags,4458.38,35 days,Active,2.8/5.0
7034,Gardner LLC,MEA,Cement Bags,591.29,7 days,Pending,2.6/5.0
7035,"Kennedy, Ward and Robbins",MEA,Scaffolding,7161.15,21 days,Active,3.4/5.0
7036,Sullivan-Lynn,LATAM,Scaffolding,568.4,39 days,Active,4.2/5.0
7037,Davis-James,APAC,Steel Rebars,5809.1,16 days,Active,5.0/5.0
7038,Faulkner-Li,LATAM,Scaffolding,14072.04,16 days,Pending,5.0/5.0
7039,"Crawford, Morales and Williams",MEA,Scaffolding,6374.58,40 days,Inactive,3.9/5.0
7040,Anderson and Sons,LATAM,Concrete Mixers,9359.35,28 days,Active,3.3/5.0
7041,Nelson-Ashley,NA,Scaffolding,1139.86,7 days,Inactive,4.0/5.0
7042,"Martinez, Chavez and Campbell",LATAM,Steel Rebars,14506.79,10 days,Inactive,2.9/5.0
7043,Peck Inc,MEA,Scaffolding,13766.5,32 days,Pending,3.8/5.0
7044,Ray Ltd,APAC,Steel Rebars,1120.59,23 days,Active,3.1/5.0
7045,Nelson PLC,EU,Glass Panels,14557.54,21 days,Pending,4.4/5.0
7046,"Schmidt, George and Johnson",APAC,Glass Panels,1508.46,39 days,Active,3.3/5.0
7047,Johnson-White,APAC,Cement Bags,8716.62,19 days,Inactive,4.3/5.0
7048,Fowler-Hines,MEA,Cement Bags,13212.23,15 days,Pending,4.7/5.0
7049,Delgado-Ward,NA,Concrete Mixers,5675.26,5 days,Inactive,2.7/5.0
7050,Jenkins PLC,EU,Cement Bags,8329.86,20 days,Inactive,4.7/5.0
7051,Jenkins-Weiss,LATAM,Scaffolding,9116.59,34 days,Inactive,4.5/5.0
7052,"Taylor, Hooper and Mckee",MEA,Glass Panels,5151.54,40 days,Active,4.2/5.0
7053,"Carter, Moore and Velazquez",APAC,Concrete Mixers,5729.52,39 days,Inactive,4.3/5.0
7054,"Ellison, Caldwell and Cunningham",EU,Concrete Mixers,1128.98,23 days,Active,4.9/5.0
7055,Robles-White,LATAM,Cement Bags,7011.87,27 days,Inactive,4.3/5.0
7056,"Steele, Washington and Rodriguez",NA,Glass Panels,5396.87,37 days,Inactive,3.4/5.0
7057,"Case, Thompson and Mcguire",APAC,Concrete Mixers,3606.87,31 days,Inactive,3.5/5.0
7058,Miranda and Sons,MEA,Steel Rebars,9533.4,7 days,Inactive,4.0/5.0
7059,Kerr and Sons,NA,Cement Bags,9724.57,36 days,Pending,3.3/5.0
7060,Diaz-Frank,MEA,Glass Panels,6667.15,7 days,Active,4.7/5.0
7061,Young-Smith,LATAM,Glass Panels,4799.14,34 days,Active,2.9/5.0
7062,"Camacho, Young and Watkins",NA,Scaffolding,7748.86,25 days,Pending,5.0/5.0
7063,"Carey, Walker and Miller",EU,Scaffolding,10270.86,15 days,Pending,2.8/5.0
7064,"White, Bates and Gray",MEA,Cement Bags,13753.79,39 days,Pending,3.7/5.0
7065,"Lawson, Pratt and Brown",MEA,Steel Rebars,5737.8,16 days,Inactive,3.0/5.0
7066,Gross-White,APAC,Glass Panels,6208.14,10 days,Inactive,3.5/5.0
7067,"Thomas, Hardin and Rodriguez",EU,Cement Bags,724.24,16 days,Inactive,4.0/5.0
7068,"Huang, Hughes and Sanchez",MEA,Steel Rebars,11397.99,17 days,Pending,3.8/5.0
7069,Shelton Group,EU,Steel Rebars,10167.07,13 days,Inactive,3.4/5.0
7070,"Brewer, Smith and Simmons",APAC,Cement Bags,3440.55,27 days,Pending,3.7/5.0
7071,"Campos, Sherman and Morgan",APAC,Steel Rebars,14722.57,15 days,Inactive,4.7/5.0
7072,Butler-Moore,APAC,Cement Bags,2281.15,28 days,Inactive,4.5/5.0
7073,Jones-Ortiz,EU,Steel Rebars,1687.76,40 days,Pending,3.2/5.0
7074,"Rodriguez, Suarez and Heath",APAC,Glass Panels,10080.89,14 days,Pending,3.3/5.0
7075,Allen Group,NA,Steel Rebars,7870.06,7 days,Inactive,3.3/5.0
7076,"Lawson, Ray and Benson",MEA,Concrete Mixers,6203.91,14 days,Inactive,4.4/5.0
7077,Frazier PLC,MEA,Concrete Mixers,14532.28,34 days,Inactive,2.9/5.0
7078,"Jones, Turner and Ballard",EU,Cement Bags,8520.75,5 days,Pending,4.2/5.0
7079,Garcia Group,MEA,Glass Panels,5499.62,21 days,Pending,2.6/5.0
7080,Johnson-Smith,NA,Scaffolding,1509.44,32 days,Pending,2.8/5.0
7081,Williams-Patrick,EU,Steel Rebars,3681.9,9 days,Active,2.9/5.0
7082,"Mckee, Herrera and Arnold",NA,Scaffolding,12884.35,32 days,Active,2.5/5.0
7083,"Ramirez, Carter and Garcia",MEA,Cement Bags,298.99,9 days,Active,4.9/5.0
7084,Jensen Inc,APAC,Cement Bags,13867.14,18 days,Active,3.6/5.0
7085,Mccarty PLC,LATAM,Cement Bags,14069.93,20 days,Pending,3.2/5.0
7086,Alexander-Simmons,APAC,Cement Bags,14323.08,35 days,Inactive,4.6/5.0
7087,Hunt Group,APAC,Scaffolding,12235.92,40 days,Inactive,2.7/5.0
7088,"Mcdonald, Underwood and Taylor",EU,Concrete Mixers,4927.66,25 days,Inactive,3.6/5.0
7089,Friedman LLC,APAC,Scaffolding,13699.14,19 days,Pending,4.0/5.0
7090,"Allison, Alvarado and Garcia",APAC,Scaffolding,7234.16,6 days,Active,2.5/5.0
7091,Clark-Michael,LATAM,Glass Panels,75.13,26 days,Inactive,2.8/5.0
7092,Porter Ltd,MEA,Glass Panels,892.92,5 days,Pending,3.0/5.0
7093,Morris-Johns,NA,Scaffolding,11992.48,39 days,Active,2.5/5.0
7094,Diaz Inc,MEA,Concrete Mixers,8548.61,28 days,Active,2.8/5.0
7095,Mccormick-Berry,MEA,Cement Bags,12130.94,23 days,Inactive,3.0/5.0
7096,"Ryan, Porter and Escobar",APAC,Glass Panels,6081.79,30 days,Active,4.1/5.0
7097,Smith-Diaz,MEA,Concrete Mixers,4225.63,6 days,Inactive,4.0/5.0
7098,"Jones, Bass and Reyes",EU,Steel Rebars,12332.87,19 days,Active,4.1/5.0
7099,"Sweeney, Dixon and Short",EU,Concrete Mixers,1179.07,32 days,Pending,2.6/5.0
7100,"Hill, Hess and Phillips",APAC,Glass Panels,11204.74,33 days,Pending,4.6/5.0
7101,Rodriguez and Sons,NA,Scaffolding,11998.53,26 days,Active,4.0/5.0
7102,"Sanchez, Patrick and Hamilton",NA,Glass Panels,4427.01,31 days,Pending,4.6/5.0
7103,Robles Group,APAC,Scaffolding,10512.82,31 days,Active,5.0/5.0
7104,Meyer-Nguyen,NA,Cement Bags,10384.83,38 days,Active,4.2/5.0
7105,Stark-Smith,NA,Glass Panels,4468.08,38 days,Pending,4.1/5.0
7106,Abbott-Dawson,EU,Cement Bags,8266.37,18 days,Active,3.1/5.0
7107,Baker-Francis,MEA,Scaffolding,8455.66,25 days,Pending,3.5/5.0
7108,Gonzales Inc,LATAM,Glass Panels,12278.8,21 days,Inactive,3.3/5.0
7109,Rivera-Walker,APAC,Concrete Mixers,3531.14,10 days,Inactive,2.6/5.0
7110,"Evans, King and Garcia",APAC,Scaffolding,5806.31,24 days,Active,4.3/5.0
7111,Brown Inc,MEA,Cement Bags,7551.2,31 days,Inactive,3.2/5.0
7112,Nelson-Wood,APAC,Glass Panels,6121.48,38 days,Inactive,2.6/5.0
7113,Franco Ltd,MEA,Glass Panels,740.41,25 days,Pending,3.8/5.0
7114,Johnson-Gutierrez,LATAM,Concrete Mixers,4879.93,30 days,Pending,3.4/5.0
7115,Olsen-Carter,LATAM,Glass Panels,598.62,13 days,Active,4.5/5.0
7116,"Mason, Vincent and Miller",MEA,Concrete Mixers,239.81,18 days,Active,3.8/5.0
7117,"Miller, Howard and Young",LATAM,Cement Bags,6208.26,39 days,Inactive,3.7/5.0
7118,Ramirez-Castillo,LATAM,Concrete Mixers,10308.03,34 days,Pending,3.6/5.0
7119,Richards-Baldwin,LATAM,Steel Rebars,10167.68,36 days,Pending,2.5/5.0
7120,"Blake, Fuller and Williams",MEA,Glass Panels,6698.29,34 days,Inactive,3.0/5.0
7121,Graves-Torres,APAC,Steel Rebars,4339.4,29 days,Pending,4.9/5.0
7122,Newman Inc,APAC,Cement Bags,980.26,13 days,Active,4.9/5.0
7123,Garcia-Howard,LATAM,Glass Panels,4864.18,5 days,Inactive,3.7/5.0
7124,"Garcia, Jackson and Richards",MEA,Glass Panels,7221.03,34 days,Inactive,2.9/5.0
7125,Larsen-Cruz,APAC,Concrete Mixers,13515.41,6 days,Pending,3.8/5.0
7126,"Bell, Nichols and Livingston",LATAM,Scaffolding,14408.57,10 days,Active,4.1/5.0
7127,"Arnold, Bennett and Cole",APAC,Scaffolding,4150.01,24 days,Pending,4.8/5.0
7128,Walker-Martin,MEA,Steel Rebars,6574.67,21 days,Inactive,3.8/5.0
7129,"Phelps, Chang and Gonzales",NA,Cement Bags,3273.41,24 days,Inactive,2.7/5.0
7130,Simpson-Davis,EU,Glass Panels,13780.76,13 days,Inactive,4.6/5.0
7131,Wagner Ltd,LATAM,Scaffolding,13073.87,40 days,Active,5.0/5.0
7132,"Carter, Becker and Martin",NA,Steel Rebars,4864.78,22 days,Inactive,3.7/5.0
7133,"Giles, Fry and Warren",EU,Scaffolding,11174.23,13 days,Active,4.2/5.0
7134,Ochoa-Bray,NA,Steel Rebars,12502.09,23 days,Active,3.9/5.0
7135,"Crawford, Lyons and Jones",NA,Cement Bags,14145.16,32 days,Inactive,2.5/5.0
7136,Hicks Ltd,APAC,Steel Rebars,7091.26,27 days,Inactive,3.4/5.0
7137,Kennedy Ltd,APAC,Scaffolding,12152.69,27 days,Pending,3.8/5.0
7138,Steele-Diaz,LATAM,Steel Rebars,5805.67,28 days,Pending,4.3/5.0
7139,"Gibbs, Lopez and Davis",EU,Concrete Mixers,362.52,12 days,Active,3.8/5.0
7140,"Moss, Little and Morales",EU,Concrete Mixers,3691.66,28 days,Active,3.4/5.0
7141,Mahoney-Martin,MEA,Concrete Mixers,6890.77,25 days,Pending,2.9/5.0
7142,Grimes-Mann,EU,Concrete Mixers,6501.74,8 days,Inactive,3.8/5.0
7143,Good PLC,APAC,Cement Bags,11445.88,10 days,Inactive,3.2/5.0
7144,"Lee, Vance and Mendoza",NA,Glass Panels,10470.53,39 days,Active,3.6/5.0
7145,"Gonzalez, Watson and Thompson",LATAM,Concrete Mixers,5806.44,21 days,Inactive,2.8/5.0
7146,Williams-Tyler,LATAM,Concrete Mixers,6579.31,21 days,Pending,3.1/5.0
7147,"Payne, Hartman and Thomas",NA,Steel Rebars,817.09,31 days,Inactive,2.9/5.0
7148,Mcdonald Ltd,APAC,Steel Rebars,3794.64,39 days,Inactive,4.8/5.0
7149,Williams PLC,MEA,Steel Rebars,5658.25,12 days,Inactive,4.0/5.0
7150,Garrett-Brown,LATAM,Glass Panels,5174.74,12 days,Active,3.3/5.0
7151,Daniel-Smith,EU,Scaffolding,6805.06,37 days,Inactive,3.0/5.0
7152,Carter-Barnes,APAC,Steel Rebars,14999.33,29 days,Inactive,4.9/5.0
7153,"Bauer, Rice and Thomas",MEA,Scaffolding,5590.37,33 days,Pending,2.8/5.0
7154,Gonzalez-Thompson,EU,Cement Bags,12656.64,24 days,Active,3.4/5.0
7155,Wilson LLC,MEA,Glass Panels,11052.05,14 days,Active,4.1/5.0
7156,Dunn Ltd,EU,Steel Rebars,4251.86,29 days,Inactive,4.9/5.0
7157,Miller PLC,EU,Steel Rebars,12324.63,20 days,Active,2.8/5.0
7158,"Benson, Wilson and Walker",APAC,Cement Bags,8749.98,36 days,Active,3.4/5.0
7159,"Stephens, Brown and Perry",MEA,Cement Bags,6853.36,15 days,Pending,3.7/5.0
7160,"Owens, Knight and Anderson",NA,Steel Rebars,12351.74,34 days,Active,4.4/5.0
7161,Burton-Jones,APAC,Steel Rebars,2957.13,7 days,Pending,4.7/5.0
7162,Ray-Barnett,APAC,Glass Panels,3494.69,36 days,Pending,4.8/5.0
7163,"Rogers, Jones and Flores",APAC,Steel Rebars,1380.01,9 days,Inactive,3.5/5.0
7164,Wallace PLC,MEA,Scaffolding,8841.44,11 days,Inactive,3.4/5.0
7165,"Schmidt, Gutierrez and Ayers",NA,Concrete Mixers,8206.22,9 days,Active,3.7/5.0
7166,Thompson PLC,NA,Cement Bags,12330.98,20 days,Active,4.0/5.0
7167,Bates-Sweeney,MEA,Glass Panels,2252.23,23 days,Active,3.7/5.0
7168,Reed Group,EU,Concrete Mixers,13560.32,27 days,Pending,2.5/5.0
7169,Herman Ltd,EU,Cement Bags,9894.25,17 days,Active,2.8/5.0
7170,"Nelson, Griffith and Best",EU,Scaffolding,7675.42,12 days,Inactive,4.9/5.0
7171,"Martin, York and Kelley",EU,Concrete Mixers,8125.16,29 days,Active,3.4/5.0
7172,"Williams, Castillo and Hoffman",APAC,Glass Panels,3815.11,21 days,Inactive,4.6/5.0
7173,Watson-Edwards,NA,Glass Panels,1363.28,17 days,Pending,5.0/5.0
7174,Wu PLC,MEA,Cement Bags,1216.4,23 days,Active,3.2/5.0
7175,Mason-Miller,MEA,Scaffolding,8320.25,37 days,Inactive,4.7/5.0
7176,Lewis-Mcclain,MEA,Scaffolding,4070.93,27 days,Inactive,2.7/5.0
7177,White PLC,NA,Steel Rebars,1513.57,29 days,Active,5.0/5.0
7178,Ferrell-Jordan,EU,Concrete Mixers,1399.57,9 days,Active,2.9/5.0
7179,Wang PLC,APAC,Scaffolding,3393.95,11 days,Active,4.1/5.0
7180,Rodriguez and Sons,APAC,Cement Bags,4907.64,30 days,Inactive,4.5/5.0
7181,Rose Group,NA,Steel Rebars,13926.99,6 days,Inactive,4.7/5.0
7182,Ellis-Clark,NA,Concrete Mixers,1050.61,16 days,Pending,2.9/5.0
7183,"Phelps, Henry and Wright",NA,Glass Panels,85.82,20 days,Pending,5.0/5.0
7184,Bryant-Clay,MEA,Glass Panels,7186.65,11 days,Active,4.2/5.0
7185,"Quinn, Estrada and Wallace",LATAM,Glass Panels,7872.59,13 days,Active,3.0/5.0
7186,Harris-Price,MEA,Glass Panels,12372.01,30 days,Pending,4.2/5.0
7187,"Martin, Hahn and Mccall",APAC,Scaffolding,13968.03,37 days,Active,3.8/5.0
7188,Adams-Hopkins,NA,Glass Panels,4581.08,34 days,Active,2.8/5.0
7189,"Hooper, Carpenter and Pruitt",NA,Glass Panels,2539.38,11 days,Active,2.8/5.0
7190,"Waters, Griffin and Jennings",NA,Glass Panels,9596.15,30 days,Pending,4.3/5.0
7191,Burns-Ramirez,MEA,Steel Rebars,8459.22,34 days,Active,4.7/5.0
7192,Mcgrath and Sons,LATAM,Steel Rebars,1333.42,10 days,Inactive,4.2/5.0
7193,"Anderson, Boyd and Mccarthy",LATAM,Glass Panels,12061.39,22 days,Active,3.4/5.0
7194,Archer-Collins,EU,Scaffolding,12088.59,29 days,Inactive,4.7/5.0
7195,"Juarez, Smith and Blackwell",NA,Glass Panels,2240.94,35 days,Active,2.7/5.0
7196,Erickson Ltd,NA,Concrete Mixers,10207.23,8 days,Active,3.3/5.0
7197,"Fox, Wright and Burke",MEA,Steel Rebars,12193.3,24 days,Pending,3.3/5.0
7198,Mendoza-Hicks,EU,Scaffolding,635.92,11 days,Active,4.8/5.0
7199,Dennis Group,MEA,Steel Rebars,10590.33,26 days,Pending,3.6/5.0
7200,"Taylor, Johnson and Ramos",NA,Scaffolding,7420.29,14 days,Pending,4.6/5.0
7201,Hughes Ltd,MEA,Scaffolding,3183.25,39 days,Inactive,2.7/5.0
7202,"Hunter, Henderson and Harris",NA,Scaffolding,6983.33,14 days,Inactive,3.7/5.0
7203,Burton-Anderson,MEA,Steel Rebars,13867.59,24 days,Inactive,4.6/5.0
7204,Jackson-Hendrix,APAC,Concrete Mixers,3522.61,21 days,Inactive,4.0/5.0
7205,"Miller, Keller and Wilson",LATAM,Concrete Mixers,11416.97,16 days,Active,3.5/5.0
7206,Perez-Peck,EU,Concrete Mixers,473.85,35 days,Inactive,4.4/5.0
7207,"Miller, Orr and Bauer",APAC,Cement Bags,7409.98,20 days,Pending,4.5/5.0
7208,Johns-Lewis,LATAM,Concrete Mixers,13535.41,33 days,Active,4.4/5.0
7209,Reeves LLC,MEA,Scaffolding,1737.33,32 days,Pending,4.1/5.0
7210,"Thomas, Pearson and Williams",EU,Concrete Mixers,6585.01,39 days,Active,4.9/5.0
7211,Johnston Inc,EU,Cement Bags,4161.59,17 days,Active,2.8/5.0
7212,Moss-Stephens,LATAM,Cement Bags,5834.26,7 days,Active,3.5/5.0
7213,"Morrow, Jones and Collins",APAC,Steel Rebars,9215.36,11 days,Active,4.5/5.0
7214,Raymond-Bryant,NA,Scaffolding,10348.89,8 days,Inactive,4.6/5.0
7215,Brown-Crawford,NA,Cement Bags,14246.97,26 days,Active,4.1/5.0
7216,"Sanford, Foster and Ramos",MEA,Steel Rebars,9078.95,29 days,Active,2.6/5.0
7217,Rodriguez Inc,NA,Steel Rebars,3004.23,23 days,Active,2.8/5.0
7218,West-Garcia,LATAM,Cement Bags,9081.67,12 days,Inactive,3.5/5.0
7219,Newton and Sons,LATAM,Glass Panels,4870.1,40 days,Inactive,4.0/5.0
7220,Yang Group,APAC,Glass Panels,13448.04,11 days,Pending,3.6/5.0
7221,"Jones, Brown and Hayes",APAC,Steel Rebars,12812.09,16 days,Pending,4.4/5.0
7222,Johnson and Sons,APAC,Steel Rebars,14734.55,27 days,Pending,3.4/5.0
7223,Lutz and Sons,MEA,Cement Bags,4610.52,7 days,Pending,4.9/5.0
7224,"Peters, Webb and Garcia",NA,Scaffolding,113.56,10 days,Pending,4.4/5.0
7225,"Villa, Kirby and Wood",EU,Glass Panels,5130.97,31 days,Active,3.2/5.0
7226,Moreno and Sons,NA,Steel Rebars,3643.61,29 days,Pending,2.6/5.0
7227,Turner-Winters,MEA,Steel Rebars,3946.65,17 days,Inactive,3.1/5.0
7228,"Phillips, Phillips and King",NA,Cement Bags,752.31,29 days,Active,4.1/5.0
7229,Walter Group,EU,Steel Rebars,4052.39,33 days,Inactive,5.0/5.0
7230,Klein-Robinson,LATAM,Steel Rebars,6052.36,28 days,Inactive,3.5/5.0
7231,"Garcia, Morrison and Chavez",MEA,Glass Panels,10753.7,16 days,Pending,3.0/5.0
7232,Flores PLC,MEA,Steel Rebars,2665.71,29 days,Inactive,2.5/5.0
7233,Morrow and Sons,LATAM,Steel Rebars,1653.83,10 days,Active,4.1/5.0
7234,"Thomas, Martinez and Morales",APAC,Cement Bags,1244.9,5 days,Pending,3.3/5.0
7235,Mendez-Bell,NA,Concrete Mixers,1504.45,34 days,Inactive,4.8/5.0
7236,Taylor Ltd,NA,Steel Rebars,10459.75,13 days,Pending,3.2/5.0
7237,Anderson Group,LATAM,Scaffolding,12484.93,17 days,Inactive,4.0/5.0
7238,"Brown, Wallace and Kirk",NA,Glass Panels,5145.11,20 days,Pending,4.9/5.0
7239,Palmer Inc,EU,Concrete Mixers,8669.64,12 days,Pending,4.0/5.0
7240,Carter Ltd,EU,Concrete Mixers,8504.94,5 days,Active,4.7/5.0
7241,"Wood, Johnson and Washington",EU,Steel Rebars,8655.2,25 days,Inactive,3.4/5.0
7242,Beard PLC,EU,Glass Panels,2117.51,15 days,Pending,3.5/5.0
7243,Bauer Ltd,NA,Steel Rebars,731.36,28 days,Inactive,4.2/5.0
7244,"Roman, Scott and Williams",MEA,Steel Rebars,7935.54,31 days,Inactive,4.5/5.0
7245,"Garcia, Woods and Hooper",MEA,Cement Bags,1374.1,6 days,Active,4.8/5.0
7246,Velasquez-Lee,LATAM,Cement Bags,9244.95,34 days,Active,4.8/5.0
7247,"Scott, Chandler and Andrews",NA,Scaffolding,13637.69,21 days,Pending,4.8/5.0
7248,Hernandez Group,LATAM,Glass Panels,7941.96,12 days,Active,3.8/5.0
7249,"Aguilar, Harris and Bradley",EU,Scaffolding,4922.15,31 days,Inactive,4.4/5.0
7250,"Ross, Jones and Clark",LATAM,Scaffolding,13806.21,40 days,Active,2.8/5.0
7251,Conner-Guerrero,LATAM,Glass Panels,2984.0,40 days,Active,4.2/5.0
7252,Carney-Miles,APAC,Glass Panels,4351.04,39 days,Inactive,3.4/5.0
7253,Scott Ltd,EU,Scaffolding,798.62,38 days,Active,2.9/5.0
7254,Herrera-Porter,EU,Glass Panels,9809.64,33 days,Pending,4.2/5.0
7255,"Mitchell, Hawkins and Cameron",EU,Glass Panels,8260.63,15 days,Pending,4.8/5.0
7256,"Henry, Ramirez and Calderon",NA,Scaffolding,10338.84,24 days,Pending,4.0/5.0
7257,Edwards-Gill,EU,Scaffolding,8617.05,40 days,Inactive,3.3/5.0
7258,Brown PLC,MEA,Cement Bags,7892.52,10 days,Inactive,4.1/5.0
7259,Nelson-Avery,NA,Cement Bags,11782.1,34 days,Inactive,4.4/5.0
7260,Foster-Smith,NA,Scaffolding,7071.51,39 days,Active,4.9/5.0
7261,Sharp LLC,LATAM,Glass Panels,1986.71,8 days,Active,3.7/5.0
7262,Park-Abbott,NA,Scaffolding,984.26,14 days,Active,3.4/5.0
7263,Owens-Day,NA,Steel Rebars,9942.9,16 days,Pending,4.4/5.0
7264,Rollins-Ross,LATAM,Scaffolding,9763.87,5 days,Active,4.7/5.0
7265,Hampton-Williams,NA,Cement Bags,4464.43,12 days,Active,3.1/5.0
7266,Chaney Inc,NA,Glass Panels,7576.95,26 days,Pending,2.8/5.0
7267,Welch Ltd,NA,Steel Rebars,1511.44,24 days,Inactive,3.0/5.0
7268,Dixon-Martin,EU,Scaffolding,6393.93,12 days,Inactive,4.4/5.0
7269,"Davis, Johnson and Lopez",MEA,Cement Bags,13832.04,5 days,Active,3.8/5.0
7270,Shaffer-Orr,MEA,Cement Bags,10360.86,8 days,Inactive,4.0/5.0
7271,Lucero-Lamb,LATAM,Glass Panels,3251.2,11 days,Active,4.8/5.0
7272,Alvarez Ltd,EU,Scaffolding,10314.62,7 days,Active,3.2/5.0
7273,Clark PLC,MEA,Glass Panels,13929.77,33 days,Active,2.5/5.0
7274,Blair Group,APAC,Scaffolding,10705.26,34 days,Active,2.8/5.0
7275,"Davis, Berg and Bautista",LATAM,Glass Panels,5416.12,30 days,Inactive,4.1/5.0
7276,"Hunt, Mercer and Mendoza",NA,Glass Panels,6921.7,32 days,Active,4.2/5.0
7277,"Anderson, Richardson and Collins",NA,Scaffolding,5917.13,14 days,Inactive,2.5/5.0
7278,Clark Group,APAC,Scaffolding,9023.95,13 days,Pending,3.3/5.0
7279,Barrett-Robinson,EU,Steel Rebars,2214.11,34 days,Pending,4.4/5.0
7280,"Bradley, Krause and Hunt",MEA,Concrete Mixers,9037.45,12 days,Pending,3.3/5.0
7281,Mitchell-Lopez,NA,Steel Rebars,11356.56,6 days,Inactive,3.9/5.0
7282,Soto PLC,EU,Scaffolding,6965.23,13 days,Active,2.7/5.0
7283,Vaughan-Walker,LATAM,Scaffolding,10624.43,29 days,Active,3.4/5.0
7284,Perkins-Johnson,EU,Glass Panels,4054.78,40 days,Active,4.4/5.0
7285,"Mcmillan, Weber and Freeman",EU,Scaffolding,10225.34,35 days,Inactive,3.9/5.0
7286,Morales Group,LATAM,Concrete Mixers,1382.79,13 days,Inactive,3.6/5.0
7287,Campbell-Schmitt,MEA,Cement Bags,10990.19,14 days,Inactive,4.2/5.0
7288,Mahoney-Lee,APAC,Steel Rebars,12648.26,33 days,Active,4.2/5.0
7289,Contreras Group,EU,Glass Panels,4165.51,19 days,Pending,3.1/5.0
7290,Morgan Ltd,APAC,Glass Panels,10822.39,7 days,Inactive,4.9/5.0
7291,Thornton Ltd,NA,Cement Bags,2858.87,27 days,Pending,3.5/5.0
7292,Houston-Gomez,LATAM,Steel Rebars,8674.33,40 days,Pending,3.4/5.0
7293,Yates-Davis,MEA,Steel Rebars,13961.17,40 days,Inactive,4.1/5.0
7294,Martin-Hamilton,LATAM,Glass Panels,12685.94,23 days,Inactive,3.8/5.0
7295,Kaiser and Sons,LATAM,Concrete Mixers,9128.3,30 days,Active,4.9/5.0
7296,Sparks-Adams,APAC,Scaffolding,2033.64,10 days,Pending,4.5/5.0
7297,Nguyen-Wiley,MEA,Glass Panels,8112.49,28 days,Active,3.9/5.0
7298,"Yoder, Carney and Wallace",LATAM,Steel Rebars,8815.98,17 days,Pending,3.7/5.0
7299,"Ho, Bowen and Smith",LATAM,Steel Rebars,3996.61,21 days,Inactive,2.8/5.0
7300,Benjamin-Jackson,APAC,Glass Panels,430.61,8 days,Inactive,2.5/5.0
7301,Schmidt Group,MEA,Scaffolding,11994.26,33 days,Pending,4.4/5.0
7302,Carlson Group,NA,Scaffolding,14960.5,29 days,Active,3.1/5.0
7303,Taylor-Davis,EU,Concrete Mixers,12027.21,30 days,Pending,3.0/5.0
7304,"Day, Peck and Khan",APAC,Cement Bags,242.37,20 days,Inactive,4.2/5.0
7305,Matthews-Shaw,MEA,Glass Panels,3460.73,29 days,Active,4.8/5.0
7306,"Castillo, Romero and Luna",MEA,Scaffolding,7969.65,33 days,Active,3.9/5.0
7307,"Payne, Pham and Burns",LATAM,Concrete Mixers,10064.44,8 days,Inactive,3.9/5.0
7308,"Cabrera, Winters and Villarreal",MEA,Steel Rebars,3319.21,23 days,Pending,3.9/5.0
7309,"Anderson, Roberts and Rodriguez",APAC,Cement Bags,1730.53,13 days,Active,2.5/5.0
7310,Smith-Cooper,NA,Cement Bags,2421.74,22 days,Pending,4.3/5.0
7311,"Johnston, Cole and Benton",APAC,Cement Bags,14987.19,10 days,Pending,4.3/5.0
7312,Gibson-Leon,APAC,Glass Panels,4930.42,24 days,Pending,3.4/5.0
7313,"Smith, Miller and Parker",LATAM,Steel Rebars,4045.98,40 days,Active,3.4/5.0
7314,Graham-Mckinney,NA,Glass Panels,5907.08,14 days,Pending,2.9/5.0
7315,Long-Summers,LATAM,Glass Panels,212.77,40 days,Pending,2.8/5.0
7316,Johnson Inc,MEA,Cement Bags,13140.39,5 days,Pending,3.1/5.0
7317,Contreras Group,MEA,Steel Rebars,4596.24,16 days,Pending,4.3/5.0
7318,"Wu, Campbell and Pearson",MEA,Steel Rebars,8440.56,14 days,Pending,3.2/5.0
7319,Ingram-Ramirez,LATAM,Scaffolding,14275.19,32 days,Pending,3.3/5.0
7320,Howard-Yu,APAC,Cement Bags,3054.83,26 days,Pending,4.1/5.0
7321,"Munoz, Marshall and Hutchinson",LATAM,Glass Panels,7978.35,22 days,Inactive,4.2/5.0
7322,Walker and Sons,EU,Concrete Mixers,1700.12,19 days,Pending,2.5/5.0
7323,"Bowers, Solomon and May",NA,Scaffolding,4264.61,30 days,Inactive,4.8/5.0
7324,Rivera Ltd,APAC,Cement Bags,11083.67,27 days,Inactive,2.6/5.0
7325,Anderson-Oconnor,MEA,Steel Rebars,1287.78,39 days,Active,4.9/5.0
7326,"Lester, Thomas and Wood",MEA,Concrete Mixers,3355.15,25 days,Inactive,2.7/5.0
7327,"Mcmahon, Turner and Carter",MEA,Cement Bags,2263.5,34 days,Pending,4.8/5.0
7328,Spence-Wood,APAC,Concrete Mixers,12415.06,38 days,Pending,4.1/5.0
7329,Shaw Inc,MEA,Cement Bags,11671.85,15 days,Active,4.9/5.0
7330,Phillips Inc,EU,Glass Panels,8848.0,12 days,Inactive,4.8/5.0
7331,Young-Everett,MEA,Scaffolding,231.39,7 days,Active,3.7/5.0
7332,Fritz Ltd,APAC,Glass Panels,2101.73,30 days,Active,4.2/5.0
7333,Wood PLC,MEA,Scaffolding,14151.68,8 days,Active,3.5/5.0
7334,"Stokes, Ross and Miller",NA,Concrete Mixers,10108.19,11 days,Active,3.2/5.0
7335,Lewis Inc,MEA,Cement Bags,4953.83,37 days,Inactive,2.9/5.0
7336,"Andersen, Davis and Gardner",MEA,Concrete Mixers,5349.44,37 days,Pending,3.6/5.0
7337,"Woods, Wilkins and Salazar",APAC,Scaffolding,7059.97,33 days,Pending,3.0/5.0
7338,Watson-Rogers,APAC,Cement Bags,4796.98,24 days,Pending,4.9/5.0
7339,Hays-Gordon,MEA,Steel Rebars,2056.79,20 days,Pending,3.0/5.0
7340,Lopez and Sons,NA,Glass Panels,3695.72,28 days,Pending,3.3/5.0
7341,Armstrong-Jones,NA,Cement Bags,1626.95,27 days,Active,3.5/5.0
7342,Pacheco-Welch,LATAM,Concrete Mixers,8387.43,30 days,Inactive,4.4/5.0
7343,Mullins Inc,MEA,Glass Panels,7821.9,13 days,Active,3.6/5.0
7344,Nguyen-Anderson,APAC,Glass Panels,4568.05,6 days,Inactive,4.6/5.0
7345,Smith PLC,EU,Cement Bags,12878.21,11 days,Inactive,3.4/5.0
7346,"Reyes, Barnes and Mills",MEA,Concrete Mixers,12678.86,13 days,Active,3.9/5.0
7347,Hernandez and Sons,NA,Glass Panels,11301.41,5 days,Inactive,3.2/5.0
7348,Mckinney Inc,NA,Concrete Mixers,4260.74,12 days,Pending,4.4/5.0
7349,Estrada-Bridges,LATAM,Concrete Mixers,2898.84,22 days,Inactive,2.7/5.0
7350,Hernandez Ltd,NA,Glass Panels,3152.94,6 days,Inactive,3.8/5.0
7351,Lopez-Newman,APAC,Glass Panels,9722.53,8 days,Inactive,3.2/5.0
7352,Austin and Sons,EU,Steel Rebars,11857.09,31 days,Active,4.1/5.0
7353,Yang PLC,NA,Concrete Mixers,12720.66,34 days,Inactive,4.6/5.0
7354,"Montgomery, Hopkins and James",MEA,Concrete Mixers,12245.64,7 days,Pending,2.7/5.0
7355,Guerrero LLC,NA,Concrete Mixers,659.97,18 days,Pending,2.9/5.0
7356,"Richardson, Collins and Cunningham",NA,Glass Panels,10854.13,29 days,Inactive,3.5/5.0
7357,"Thomas, Newman and Andersen",EU,Cement Bags,7503.6,25 days,Active,3.6/5.0
7358,Green-Stephenson,APAC,Steel Rebars,5131.84,27 days,Active,3.3/5.0
7359,"Stark, Gardner and Rice",NA,Glass Panels,1101.25,9 days,Pending,3.5/5.0
7360,Neal-Mathews,MEA,Cement Bags,6999.65,21 days,Active,4.3/5.0
7361,Sims-Bray,MEA,Steel Rebars,8827.19,37 days,Inactive,4.0/5.0
7362,"Hood, Paul and Miller",EU,Cement Bags,12483.31,22 days,Active,3.3/5.0
7363,"Hamilton, Stephens and Wilkins",EU,Steel Rebars,6308.11,11 days,Inactive,3.9/5.0
7364,Swanson-Pineda,APAC,Glass Panels,11168.02,34 days,Pending,3.1/5.0
7365,"Koch, Kelley and Smith",NA,Steel Rebars,2819.96,24 days,Pending,3.3/5.0
7366,Solomon PLC,NA,Cement Bags,2579.3,14 days,Pending,4.3/5.0
7367,"Cardenas, Valdez and Butler",LATAM,Glass Panels,425.72,6 days,Active,3.8/5.0
7368,"Thompson, Rogers and Wilcox",NA,Concrete Mixers,12672.01,20 days,Inactive,5.0/5.0
7369,Odom-Hanson,NA,Concrete Mixers,4658.8,22 days,Active,3.9/5.0
7370,Romero PLC,NA,Cement Bags,3979.4,19 days,Active,3.9/5.0
7371,"Gomez, Robinson and Rosario",MEA,Steel Rebars,14766.07,6 days,Inactive,2.6/5.0
7372,Yates Ltd,MEA,Glass Panels,7667.61,29 days,Active,2.9/5.0
7373,"Jackson, Ryan and Swanson",MEA,Glass Panels,962.31,30 days,Pending,3.3/5.0
7374,Reed PLC,EU,Cement Bags,12435.12,14 days,Active,2.7/5.0
7375,"Crawford, Lynch and Duran",LATAM,Cement Bags,4414.35,24 days,Active,3.4/5.0
7376,Jenkins-Hernandez,MEA,Cement Bags,2328.11,26 days,Pending,3.7/5.0
7377,"Cox, Carter and Campbell",MEA,Glass Panels,10729.26,28 days,Pending,4.4/5.0
7378,"Kelly, Lewis and Townsend",APAC,Cement Bags,2143.99,10 days,Inactive,3.0/5.0
7379,Humphrey-Aguirre,MEA,Concrete Mixers,3921.15,28 days,Pending,3.9/5.0
7380,Foley-Rowe,EU,Steel Rebars,1807.56,13 days,Active,2.9/5.0
7381,Campbell-Whitaker,NA,Cement Bags,9177.08,14 days,Inactive,4.0/5.0
7382,"Rogers, Maldonado and Miller",NA,Steel Rebars,11061.02,5 days,Active,3.3/5.0
7383,Davis-Nelson,NA,Cement Bags,12649.0,7 days,Inactive,2.8/5.0
7384,Petty-Rivera,NA,Scaffolding,6456.31,27 days,Inactive,4.5/5.0
7385,"Marsh, Ortega and Mosley",NA,Glass Panels,2209.3,33 days,Active,4.0/5.0
7386,Scott-Allen,NA,Scaffolding,5743.73,35 days,Active,2.9/5.0
7387,"Martin, Bender and Thomas",NA,Concrete Mixers,2334.1,34 days,Active,3.7/5.0
7388,"Houston, Pierce and Alexander",APAC,Concrete Mixers,2768.18,20 days,Inactive,3.9/5.0
7389,"Powell, Martin and Jackson",MEA,Concrete Mixers,8799.61,32 days,Inactive,2.8/5.0
7390,Adams-Sanders,MEA,Steel Rebars,6556.82,28 days,Active,2.5/5.0
7391,Russell Group,MEA,Cement Bags,968.74,7 days,Active,3.2/5.0
7392,Peterson PLC,MEA,Scaffolding,13587.48,12 days,Inactive,3.6/5.0
7393,"Armstrong, Shelton and Snow",MEA,Concrete Mixers,3113.79,24 days,Pending,4.4/5.0
7394,Terry Inc,NA,Scaffolding,1526.72,13 days,Active,2.6/5.0
7395,Robinson PLC,MEA,Scaffolding,5425.53,32 days,Pending,4.2/5.0
7396,Ramirez Ltd,MEA,Scaffolding,2942.26,16 days,Pending,4.0/5.0
7397,Hamilton Inc,EU,Cement Bags,370.1,27 days,Pending,4.9/5.0
7398,"Simmons, Torres and Fuentes",NA,Cement Bags,7617.95,39 days,Active,4.7/5.0
7399,George-Moore,MEA,Glass Panels,12423.16,25 days,Pending,3.9/5.0
7400,Yang-Thomas,MEA,Concrete Mixers,5123.86,34 days,Active,3.7/5.0
7401,"Young, Kennedy and Davis",LATAM,Steel Rebars,11304.98,9 days,Active,4.6/5.0
7402,"Davis, Robinson and Cisneros",LATAM,Cement Bags,14190.5,38 days,Pending,3.9/5.0
7403,Williams-Davis,LATAM,Glass Panels,3041.77,24 days,Pending,3.7/5.0
7404,Hernandez-Murray,LATAM,Concrete Mixers,12226.52,32 days,Inactive,4.1/5.0
7405,"Moreno, Barr and Bowers",LATAM,Steel Rebars,4951.12,25 days,Active,4.6/5.0
7406,Welch-Smith,MEA,Steel Rebars,3999.4,29 days,Pending,3.9/5.0
7407,Thomas-Cruz,APAC,Glass Panels,7852.38,9 days,Active,3.7/5.0
7408,"Mayer, Arnold and Thompson",EU,Steel Rebars,5194.52,25 days,Pending,2.6/5.0
7409,"Porter, Turner and Martin",MEA,Steel Rebars,4001.39,35 days,Active,3.6/5.0
7410,Jimenez Inc,APAC,Glass Panels,893.49,10 days,Inactive,4.0/5.0
7411,"Johnson, Jackson and James",MEA,Cement Bags,9608.07,33 days,Pending,4.8/5.0
7412,Harvey Group,NA,Cement Bags,10117.22,34 days,Active,4.3/5.0
7413,French-Delgado,NA,Glass Panels,4291.45,38 days,Inactive,5.0/5.0
7414,Raymond Ltd,MEA,Glass Panels,312.83,20 days,Pending,3.1/5.0
7415,"Snyder, Lee and Hansen",MEA,Scaffolding,279.09,26 days,Pending,4.1/5.0
7416,"Jones, Miller and Conrad",LATAM,Scaffolding,5690.76,36 days,Pending,3.0/5.0
7417,Potter LLC,EU,Cement Bags,11926.63,26 days,Pending,3.2/5.0
7418,"Alexander, Maldonado and Gates",MEA,Concrete Mixers,9579.04,37 days,Inactive,2.8/5.0
7419,Young LLC,APAC,Glass Panels,6676.41,21 days,Active,3.7/5.0
7420,Edwards and Sons,EU,Concrete Mixers,1161.17,18 days,Pending,3.0/5.0
7421,Barton LLC,NA,Cement Bags,6704.68,39 days,Pending,3.4/5.0
7422,Patterson-Goodwin,NA,Cement Bags,7372.18,15 days,Active,4.1/5.0
7423,"Robinson, Huff and Rodriguez",APAC,Concrete Mixers,896.87,33 days,Active,4.5/5.0
7424,Miles PLC,EU,Scaffolding,10668.1,16 days,Inactive,2.6/5.0
7425,"Fernandez, Torres and Coleman",MEA,Cement Bags,1588.82,18 days,Active,3.0/5.0
7426,"Small, Hunt and Lowe",APAC,Glass Panels,14785.18,22 days,Inactive,3.6/5.0
7427,Owens-Yates,LATAM,Steel Rebars,1563.83,25 days,Active,4.2/5.0
7428,Brewer Ltd,EU,Steel Rebars,11975.69,37 days,Pending,4.3/5.0
7429,Butler-Boyd,APAC,Glass Panels,4278.81,33 days,Active,4.5/5.0
7430,Williamson PLC,EU,Cement Bags,5369.99,31 days,Active,4.9/5.0
7431,"Romero, English and Miller",EU,Glass Panels,8940.7,21 days,Pending,4.5/5.0
7432,Mitchell-Mayer,LATAM,Concrete Mixers,9365.92,17 days,Active,3.8/5.0
7433,Parker-Griffith,LATAM,Glass Panels,11536.31,24 days,Pending,3.6/5.0
7434,Phillips PLC,LATAM,Steel Rebars,1294.29,17 days,Pending,3.0/5.0
7435,"Blackwell, Henry and Jordan",APAC,Glass Panels,7955.76,18 days,Inactive,2.6/5.0
7436,Potter-Daniel,MEA,Cement Bags,1909.6,17 days,Active,3.0/5.0
7437,"Mclaughlin, Nelson and Conley",MEA,Concrete Mixers,4598.57,28 days,Inactive,3.8/5.0
7438,Moore-Herrera,MEA,Scaffolding,7781.46,23 days,Active,4.8/5.0
7439,"Perez, Mckee and Mendez",LATAM,Concrete Mixers,7271.39,28 days,Pending,4.6/5.0
7440,Johnson Inc,MEA,Glass Panels,346.29,15 days,Inactive,4.2/5.0
7441,Gilbert-Matthews,MEA,Cement Bags,6299.45,14 days,Active,4.2/5.0
7442,Daniel-Goodwin,APAC,Concrete Mixers,3298.27,14 days,Pending,4.4/5.0
7443,Browning-Fernandez,APAC,Concrete Mixers,10656.65,18 days,Active,4.5/5.0
7444,Phillips Ltd,APAC,Steel Rebars,252.12,16 days,Active,3.6/5.0
7445,Pacheco-Farrell,NA,Glass Panels,10955.71,6 days,Active,3.5/5.0
7446,Hill and Sons,APAC,Concrete Mixers,3073.74,33 days,Pending,4.1/5.0
7447,Patrick-Larson,MEA,Cement Bags,10463.24,34 days,Active,3.0/5.0
7448,"Davis, Carter and Wheeler",EU,Glass Panels,14012.35,40 days,Pending,4.8/5.0
7449,"Jackson, Colon and Dean",APAC,Concrete Mixers,10841.27,21 days,Pending,3.0/5.0
7450,Stewart LLC,NA,Glass Panels,4385.06,11 days,Active,4.8/5.0
7451,"Clark, Maxwell and Bradley",APAC,Concrete Mixers,1971.4,27 days,Active,3.1/5.0
7452,Murray Inc,LATAM,Concrete Mixers,8600.27,37 days,Pending,4.5/5.0
7453,"Porter, Carpenter and Swanson",EU,Scaffolding,14672.78,35 days,Pending,4.2/5.0
7454,Bentley-Wiley,NA,Glass Panels,4438.57,20 days,Inactive,2.9/5.0
7455,"Edwards, Murphy and Smith",LATAM,Concrete Mixers,11614.33,37 days,Pending,4.8/5.0
7456,Flores and Sons,NA,Cement Bags,13344.55,27 days,Inactive,4.2/5.0
7457,Burton-Jones,NA,Steel Rebars,1380.74,19 days,Inactive,2.8/5.0
7458,"Hamilton, Walker and Patterson",NA,Concrete Mixers,5774.72,24 days,Active,3.4/5.0
7459,Dunlap LLC,LATAM,Concrete Mixers,640.26,17 days,Inactive,4.7/5.0
7460,Kirk-Valencia,LATAM,Concrete Mixers,674.82,31 days,Pending,2.6/5.0
7461,"Miller, Dennis and Franklin",EU,Cement Bags,223.75,11 days,Active,3.7/5.0
7462,"Nunez, Simmons and Lam",NA,Scaffolding,7892.26,36 days,Pending,4.2/5.0
7463,Farmer-Evans,LATAM,Scaffolding,2776.54,13 days,Inactive,3.8/5.0
7464,Reid-Crawford,LATAM,Cement Bags,14953.04,23 days,Pending,4.7/5.0
7465,Armstrong PLC,EU,Glass Panels,7693.17,35 days,Inactive,2.7/5.0
7466,"Hatfield, Hernandez and Hamilton",APAC,Cement Bags,7781.44,8 days,Active,4.1/5.0
7467,Williams-Lambert,MEA,Concrete Mixers,2325.79,40 days,Inactive,3.6/5.0
7468,Wade and Sons,LATAM,Cement Bags,5421.14,34 days,Inactive,2.6/5.0
7469,"Thomas, Williams and Lee",MEA,Glass Panels,5829.72,12 days,Pending,2.7/5.0
7470,"Johnson, Brown and Wheeler",MEA,Concrete Mixers,2244.25,24 days,Active,4.0/5.0
7471,Maldonado-Barrera,EU,Cement Bags,4979.94,36 days,Active,2.8/5.0
7472,"Myers, Johnson and Bush",EU,Steel Rebars,5134.95,37 days,Inactive,2.9/5.0
7473,"Wilson, Johnson and Taylor",MEA,Scaffolding,9336.99,22 days,Pending,4.1/5.0
7474,"Taylor, Holloway and Best",LATAM,Steel Rebars,5313.82,16 days,Active,3.3/5.0
7475,Perez and Sons,EU,Scaffolding,9028.15,18 days,Active,3.8/5.0
7476,Mills LLC,LATAM,Glass Panels,10840.49,34 days,Pending,3.8/5.0
7477,Carter-Davis,NA,Scaffolding,8825.91,8 days,Inactive,4.0/5.0
7478,"Owens, Garcia and Moore",LATAM,Cement Bags,9987.85,30 days,Pending,2.8/5.0
7479,Murphy LLC,NA,Cement Bags,9975.32,12 days,Active,3.3/5.0
7480,Gentry LLC,MEA,Concrete Mixers,9858.94,20 days,Active,4.0/5.0
7481,"Beck, Harrison and Hill",APAC,Scaffolding,10717.03,20 days,Active,3.4/5.0
7482,Atkins Inc,MEA,Scaffolding,2804.28,35 days,Active,3.3/5.0
7483,Glover-Johnson,MEA,Cement Bags,2562.23,21 days,Active,3.3/5.0
7484,Ramos-Holloway,LATAM,Scaffolding,5552.27,29 days,Inactive,3.9/5.0
7485,"Gilmore, Wagner and Glenn",LATAM,Cement Bags,1655.41,7 days,Pending,4.5/5.0
7486,Robles-Meyer,MEA,Steel Rebars,13439.48,29 days,Pending,3.8/5.0
7487,Williams PLC,LATAM,Scaffolding,8785.25,12 days,Pending,3.1/5.0
7488,"Wagner, Bullock and Ford",LATAM,Scaffolding,14487.78,5 days,Inactive,3.6/5.0
7489,Gordon-Chan,LATAM,Glass Panels,13360.4,11 days,Active,4.4/5.0
7490,Robinson-King,NA,Scaffolding,11270.84,18 days,Active,3.2/5.0
7491,Curtis PLC,EU,Glass Panels,10190.97,30 days,Pending,3.3/5.0
7492,Sanford-Thompson,EU,Concrete Mixers,466.23,36 days,Active,2.7/5.0
7493,"Duffy, Whitaker and Williams",EU,Scaffolding,638.62,11 days,Pending,3.5/5.0
7494,Hill and Sons,LATAM,Glass Panels,5412.34,26 days,Inactive,2.7/5.0
7495,Hunt Ltd,MEA,Glass Panels,10484.14,40 days,Inactive,3.7/5.0
7496,Brown-Chavez,MEA,Cement Bags,10725.7,6 days,Active,4.2/5.0
7497,Graham Ltd,NA,Cement Bags,10579.23,38 days,Pending,3.8/5.0
7498,"Kane, Johnson and Mitchell",EU,Glass Panels,14528.96,11 days,Active,3.6/5.0
7499,Thompson-Levy,LATAM,Scaffolding,11593.84,17 days,Active,2.7/5.0
7500,Francis PLC,EU,Cement Bags,9947.23,8 days,Active,3.9/5.0
7501,Jordan and Sons,MEA,Glass Panels,3197.36,33 days,Inactive,3.0/5.0
7502,Rosales LLC,LATAM,Glass Panels,13831.0,28 days,Inactive,2.5/5.0
7503,"Barnett, Flores and Cannon",EU,Concrete Mixers,4087.84,36 days,Pending,2.9/5.0
7504,Miller-Johnson,LATAM,Cement Bags,12942.04,16 days,Inactive,3.1/5.0
7505,"Calhoun, Smith and Boyd",APAC,Scaffolding,6418.18,7 days,Inactive,2.6/5.0
7506,"Dunlap, Moore and Fletcher",EU,Scaffolding,10980.81,13 days,Inactive,4.4/5.0
7507,Gutierrez LLC,NA,Glass Panels,641.9,13 days,Inactive,4.0/5.0
7508,Johnson-Church,EU,Steel Rebars,14246.25,16 days,Active,3.1/5.0
7509,Ball Group,APAC,Scaffolding,12971.94,21 days,Pending,4.9/5.0
7510,Garcia-Petty,MEA,Cement Bags,10699.6,8 days,Active,4.3/5.0
7511,"Murphy, Perry and Walker",MEA,Scaffolding,10191.81,17 days,Active,4.5/5.0
7512,Hall Group,LATAM,Concrete Mixers,8428.07,19 days,Active,3.8/5.0
7513,"Rodriguez, Gill and Johnson",MEA,Scaffolding,6452.69,19 days,Inactive,3.2/5.0
7514,Bell-Price,EU,Scaffolding,14533.44,37 days,Inactive,4.0/5.0
7515,Blair PLC,NA,Concrete Mixers,14463.08,31 days,Inactive,4.6/5.0
7516,"Gonzalez, Noble and Wade",LATAM,Cement Bags,4780.91,16 days,Inactive,3.6/5.0
7517,Harris-Mejia,EU,Steel Rebars,12449.49,30 days,Inactive,4.0/5.0
7518,Lynch and Sons,LATAM,Glass Panels,78.16,9 days,Active,4.7/5.0
7519,Willis PLC,NA,Glass Panels,6871.58,31 days,Inactive,4.0/5.0
7520,Little-Leblanc,NA,Glass Panels,1312.41,11 days,Pending,3.4/5.0
7521,Smith-Young,MEA,Steel Rebars,10657.34,12 days,Active,4.5/5.0
7522,"Riley, Bennett and Stewart",LATAM,Scaffolding,10982.55,39 days,Inactive,4.3/5.0
7523,Williams-Wiggins,MEA,Cement Bags,7948.4,31 days,Inactive,5.0/5.0
7524,Smith-Crawford,EU,Scaffolding,423.73,39 days,Inactive,4.6/5.0
7525,Martin PLC,MEA,Steel Rebars,6137.13,14 days,Pending,2.6/5.0
7526,Ochoa PLC,APAC,Glass Panels,6803.77,38 days,Active,2.9/5.0
7527,Phillips-Howe,EU,Concrete Mixers,8854.5,26 days,Pending,2.7/5.0
7528,Bullock LLC,APAC,Glass Panels,10822.95,17 days,Inactive,4.4/5.0
7529,"Goodwin, Reynolds and Olson",LATAM,Steel Rebars,10406.62,8 days,Inactive,3.1/5.0
7530,Salazar PLC,EU,Glass Panels,1441.24,16 days,Inactive,3.6/5.0
7531,"Duffy, Marshall and Stewart",MEA,Glass Panels,11214.58,7 days,Pending,3.2/5.0
7532,"Ray, Thompson and Bird",LATAM,Cement Bags,3436.23,25 days,Active,4.0/5.0
7533,Hubbard PLC,EU,Steel Rebars,7962.74,7 days,Inactive,3.9/5.0
7534,Ruiz Group,MEA,Glass Panels,4733.24,30 days,Active,3.5/5.0
7535,Thompson-Snyder,NA,Steel Rebars,10628.94,34 days,Inactive,3.4/5.0
7536,"Daniel, Blevins and Torres",EU,Concrete Mixers,12695.63,24 days,Pending,4.5/5.0
7537,Henderson-Peck,MEA,Glass Panels,1442.64,27 days,Inactive,3.7/5.0
7538,Colon-Conway,EU,Glass Panels,14865.06,37 days,Inactive,3.0/5.0
7539,"Hernandez, Smith and Alexander",APAC,Scaffolding,12227.8,15 days,Active,3.7/5.0
7540,Jackson-Fernandez,MEA,Concrete Mixers,11807.67,15 days,Active,3.7/5.0
7541,Meadows Ltd,APAC,Concrete Mixers,7105.55,38 days,Active,4.8/5.0
7542,Moreno Inc,EU,Steel Rebars,7707.65,10 days,Inactive,4.5/5.0
7543,Vasquez-Schwartz,EU,Concrete Mixers,13966.79,5 days,Inactive,3.1/5.0
7544,Cruz Ltd,EU,Concrete Mixers,3203.64,39 days,Pending,2.7/5.0
7545,Brooks-Lynch,LATAM,Glass Panels,2468.81,21 days,Inactive,4.2/5.0
7546,Galloway and Sons,MEA,Steel Rebars,2858.55,21 days,Pending,2.6/5.0
7547,"Hayes, Stewart and Stevens",NA,Scaffolding,1100.82,24 days,Active,3.6/5.0
7548,Wilson-Cannon,NA,Scaffolding,11966.18,27 days,Pending,3.2/5.0
7549,"Nelson, Hernandez and Novak",APAC,Cement Bags,11968.4,24 days,Pending,3.7/5.0
7550,"Martinez, Guerrero and May",MEA,Cement Bags,6397.26,10 days,Pending,4.0/5.0
7551,Malone-Nguyen,LATAM,Cement Bags,3456.85,35 days,Pending,4.6/5.0
7552,Stevens and Sons,LATAM,Cement Bags,9468.34,12 days,Pending,4.7/5.0
7553,Morse Ltd,APAC,Cement Bags,12807.23,15 days,Inactive,2.9/5.0
7554,"Henderson, Richards and Peterson",APAC,Scaffolding,6777.93,16 days,Pending,4.9/5.0
7555,Burton and Sons,EU,Scaffolding,927.27,12 days,Active,5.0/5.0
7556,Woodward-Sparks,MEA,Steel Rebars,658.41,38 days,Pending,3.7/5.0
7557,Cook-Mueller,EU,Scaffolding,5785.58,21 days,Inactive,3.4/5.0
7558,"Davis, Hampton and Cuevas",MEA,Cement Bags,13615.33,19 days,Pending,4.0/5.0
7559,Reed-Haley,APAC,Steel Rebars,119.33,13 days,Pending,2.8/5.0
7560,Young-Mills,LATAM,Glass Panels,3613.0,9 days,Pending,4.2/5.0
7561,Wilson-Munoz,NA,Concrete Mixers,1572.83,31 days,Active,3.2/5.0
7562,Mason-Rivera,APAC,Scaffolding,14042.09,29 days,Pending,4.0/5.0
7563,"Hayes, Bell and Wang",APAC,Cement Bags,2675.91,39 days,Active,2.8/5.0
7564,"Caldwell, Phillips and Neal",NA,Steel Rebars,7710.94,15 days,Active,3.6/5.0
7565,"Jones, Mclaughlin and Meadows",MEA,Scaffolding,7921.02,9 days,Pending,4.7/5.0
7566,Rojas Group,NA,Glass Panels,4097.55,11 days,Active,3.3/5.0
7567,"Parrish, Jennings and Gonzales",LATAM,Concrete Mixers,2015.24,35 days,Active,3.1/5.0
7568,Williams-Mueller,MEA,Cement Bags,4571.65,15 days,Inactive,2.6/5.0
7569,"Mitchell, Taylor and Sanders",LATAM,Cement Bags,12383.34,32 days,Active,3.5/5.0
7570,Li-Bush,NA,Concrete Mixers,8267.13,13 days,Active,3.7/5.0
7571,"Hill, Robbins and Robertson",APAC,Concrete Mixers,12457.95,35 days,Pending,4.7/5.0
7572,"Whitaker, Hoffman and Garcia",NA,Scaffolding,11551.78,12 days,Pending,4.4/5.0
7573,"Scott, Rogers and Kelley",LATAM,Glass Panels,13868.81,37 days,Inactive,3.1/5.0
7574,"King, Cox and Johnson",NA,Cement Bags,95.22,35 days,Inactive,4.1/5.0
7575,"Arellano, Peck and Lopez",MEA,Concrete Mixers,10429.19,33 days,Active,4.7/5.0
7576,Lopez-Pineda,EU,Cement Bags,14922.61,9 days,Inactive,2.6/5.0
7577,Stevens Ltd,EU,Cement Bags,14653.81,30 days,Active,2.5/5.0
7578,"Sanchez, Turner and Hale",APAC,Cement Bags,7496.58,16 days,Inactive,3.7/5.0
7579,Rose-Carter,NA,Steel Rebars,1487.18,32 days,Inactive,4.5/5.0
7580,Mcdaniel Group,LATAM,Steel Rebars,14849.73,11 days,Inactive,5.0/5.0
7581,Martin-Carlson,NA,Cement Bags,14355.52,21 days,Pending,3.9/5.0
7582,Jackson-Keith,EU,Glass Panels,1407.18,20 days,Pending,3.5/5.0
7583,"Hubbard, White and Marquez",APAC,Concrete Mixers,5538.48,28 days,Inactive,2.9/5.0
7584,Rodriguez-Harris,NA,Steel Rebars,360.37,33 days,Pending,4.9/5.0
7585,Kaufman-Hernandez,MEA,Concrete Mixers,1120.49,22 days,Active,4.8/5.0
7586,"Sawyer, Martin and King",EU,Concrete Mixers,10137.31,16 days,Pending,4.3/5.0
7587,Wagner Inc,LATAM,Cement Bags,9980.24,30 days,Active,4.2/5.0
7588,"Zamora, Huerta and Ortiz",LATAM,Steel Rebars,14541.46,8 days,Pending,4.0/5.0
7589,"Brown, Mason and Harris",MEA,Cement Bags,7507.37,7 days,Active,3.7/5.0
7590,Mckinney-Callahan,LATAM,Steel Rebars,10972.64,28 days,Inactive,3.4/5.0
7591,"Gonzalez, Fox and Snow",NA,Scaffolding,8699.6,23 days,Active,4.5/5.0
7592,Hoover Inc,LATAM,Steel Rebars,560.97,23 days,Active,3.0/5.0
7593,Mack-Morris,EU,Glass Panels,11431.01,13 days,Pending,3.8/5.0
7594,"Smith, Delgado and Winters",EU,Scaffolding,10314.94,30 days,Pending,2.9/5.0
7595,Owens Inc,LATAM,Scaffolding,14857.21,26 days,Active,3.0/5.0
7596,Henderson-James,LATAM,Scaffolding,716.05,30 days,Active,4.9/5.0
7597,Carter-Martin,APAC,Concrete Mixers,3821.4,29 days,Pending,4.0/5.0
7598,Fields-Ramirez,EU,Scaffolding,5997.76,11 days,Inactive,4.4/5.0
7599,"Johnson, Larson and Adkins",NA,Steel Rebars,1419.5,31 days,Active,4.2/5.0
7600,Bridges-Keller,LATAM,Concrete Mixers,3844.98,22 days,Inactive,3.3/5.0
7601,Vasquez Inc,NA,Cement Bags,1033.82,13 days,Inactive,3.1/5.0
7602,Thomas-Solomon,APAC,Scaffolding,5833.3,29 days,Inactive,3.8/5.0
7603,Ingram-Johnson,LATAM,Glass Panels,7603.47,8 days,Inactive,2.7/5.0
7604,Shaw Ltd,NA,Steel Rebars,13052.89,8 days,Active,2.7/5.0
7605,Collins-Kaiser,EU,Scaffolding,1695.32,12 days,Pending,2.6/5.0
7606,"Rogers, Beard and Mueller",LATAM,Concrete Mixers,7964.62,10 days,Inactive,4.6/5.0
7607,Harvey LLC,NA,Scaffolding,12932.01,19 days,Inactive,3.6/5.0
7608,"Nelson, Gardner and Davis",NA,Cement Bags,9263.18,19 days,Inactive,3.1/5.0
7609,"Cordova, Davis and Herrera",EU,Steel Rebars,7298.79,7 days,Active,2.9/5.0
7610,Merritt LLC,APAC,Scaffolding,3822.18,24 days,Active,4.7/5.0
7611,"Holmes, Buck and Graham",MEA,Glass Panels,13732.05,11 days,Inactive,5.0/5.0
7612,"Miller, Anderson and Rogers",MEA,Scaffolding,11795.0,16 days,Pending,2.7/5.0
7613,"Boyd, Benson and Wilson",EU,Concrete Mixers,3822.51,16 days,Active,4.8/5.0
7614,Reynolds-Powell,APAC,Concrete Mixers,2081.12,35 days,Inactive,2.9/5.0
7615,Patel-Kaiser,LATAM,Steel Rebars,5967.8,25 days,Inactive,3.8/5.0
7616,Walker-Chavez,APAC,Glass Panels,5019.15,13 days,Active,3.8/5.0
7617,Austin LLC,EU,Steel Rebars,7144.97,12 days,Inactive,3.1/5.0
7618,"Ramos, Luna and Vargas",APAC,Cement Bags,5909.3,39 days,Inactive,4.8/5.0
7619,"Harris, Gonzales and Gaines",LATAM,Concrete Mixers,12750.13,18 days,Active,4.4/5.0
7620,"Davila, Harper and Johnson",APAC,Scaffolding,3551.59,20 days,Active,3.2/5.0
7621,Pittman-Hernandez,LATAM,Cement Bags,947.33,13 days,Active,3.3/5.0
7622,"Dixon, Davis and Tran",APAC,Concrete Mixers,14833.77,20 days,Inactive,4.8/5.0
7623,Young-Harris,NA,Glass Panels,11698.0,29 days,Pending,3.5/5.0
7624,Park-Hodges,NA,Scaffolding,3905.04,8 days,Pending,3.3/5.0
7625,Rodriguez Inc,MEA,Cement Bags,146.8,10 days,Inactive,3.2/5.0
7626,"Spears, Aguilar and Baker",NA,Cement Bags,13893.16,27 days,Pending,4.2/5.0
7627,Bridges Inc,NA,Steel Rebars,6726.5,31 days,Active,4.0/5.0
7628,Duran-Cummings,APAC,Scaffolding,12040.93,39 days,Pending,2.6/5.0
7629,Hart Group,EU,Concrete Mixers,2978.07,32 days,Pending,2.8/5.0
7630,"Curry, Walker and Ross",MEA,Glass Panels,4022.82,25 days,Inactive,3.3/5.0
7631,Weber PLC,APAC,Glass Panels,10626.26,27 days,Pending,4.4/5.0
7632,Stanley-Pittman,NA,Steel Rebars,4121.7,38 days,Pending,4.3/5.0
7633,"Rich, Johnson and Fitzgerald",MEA,Scaffolding,9209.74,6 days,Pending,3.8/5.0
7634,Robbins Group,NA,Glass Panels,8050.17,27 days,Pending,4.9/5.0
7635,Cordova and Sons,NA,Concrete Mixers,12661.31,14 days,Inactive,3.9/5.0
7636,Thomas Ltd,EU,Steel Rebars,3947.4,37 days,Inactive,4.6/5.0
7637,Moore and Sons,NA,Scaffolding,13090.99,38 days,Pending,3.5/5.0
7638,"Jackson, Sosa and Sellers",EU,Glass Panels,125.79,23 days,Active,4.3/5.0
7639,Randall LLC,MEA,Concrete Mixers,8736.99,32 days,Pending,4.8/5.0
7640,"Pope, Williams and Potts",APAC,Glass Panels,3236.76,27 days,Active,3.6/5.0
7641,"Brown, Cantrell and Newman",APAC,Scaffolding,6268.41,38 days,Active,3.2/5.0
7642,Herrera-Ramsey,APAC,Cement Bags,3921.01,31 days,Inactive,4.1/5.0
7643,Alvarado PLC,EU,Steel Rebars,1063.5,40 days,Inactive,3.9/5.0
7644,"Rhodes, Bates and Fitzgerald",EU,Cement Bags,7687.45,16 days,Active,3.9/5.0
7645,Hodge-Perkins,LATAM,Concrete Mixers,14875.83,19 days,Active,3.3/5.0
7646,"Bennett, Randall and Gill",NA,Scaffolding,14935.25,14 days,Pending,2.8/5.0
7647,Spence PLC,EU,Concrete Mixers,585.89,5 days,Active,2.8/5.0
7648,Erickson-Jones,LATAM,Glass Panels,7922.6,6 days,Pending,3.3/5.0
7649,Franklin-Foster,EU,Glass Panels,11940.74,16 days,Inactive,2.9/5.0
7650,"Rodriguez, Kelly and Martinez",LATAM,Steel Rebars,5421.49,22 days,Active,4.0/5.0
7651,Malone Group,EU,Steel Rebars,8297.91,29 days,Inactive,4.6/5.0
7652,"Hunter, Mcdaniel and Gonzalez",APAC,Concrete Mixers,13115.95,11 days,Active,3.5/5.0
7653,"Wilson, Anderson and Murphy",MEA,Scaffolding,963.01,35 days,Inactive,3.5/5.0
7654,"Vasquez, Fry and Sanchez",NA,Glass Panels,4317.04,5 days,Active,2.9/5.0
7655,"Tucker, Ellis and Collins",EU,Concrete Mixers,13713.82,13 days,Active,2.8/5.0
7656,"Stewart, Reese and Davis",APAC,Concrete Mixers,10273.56,11 days,Pending,4.9/5.0
7657,Villegas LLC,EU,Steel Rebars,9021.97,16 days,Pending,3.2/5.0
7658,"Parker, Elliott and Craig",MEA,Scaffolding,5600.73,14 days,Active,4.9/5.0
7659,Deleon Inc,MEA,Concrete Mixers,10338.9,26 days,Inactive,4.2/5.0
7660,Martin-Carpenter,NA,Steel Rebars,2654.51,21 days,Active,3.3/5.0
7661,Mclean and Sons,EU,Steel Rebars,6432.87,39 days,Active,4.6/5.0
7662,Davis-Wells,EU,Concrete Mixers,3850.13,29 days,Inactive,3.5/5.0
7663,Ramirez and Sons,EU,Scaffolding,3901.38,38 days,Inactive,3.6/5.0
7664,"Hernandez, Frazier and Dyer",LATAM,Concrete Mixers,4997.14,21 days,Active,3.3/5.0
7665,Delgado PLC,EU,Concrete Mixers,3415.26,29 days,Inactive,3.3/5.0
7666,Willis PLC,NA,Cement Bags,343.77,16 days,Pending,4.3/5.0
7667,"White, Perkins and Rice",LATAM,Cement Bags,10362.09,34 days,Active,3.8/5.0
7668,Reed-Hernandez,EU,Cement Bags,13515.34,9 days,Active,2.8/5.0
7669,Torres-Harper,APAC,Concrete Mixers,5033.21,17 days,Inactive,2.5/5.0
7670,May Inc,MEA,Steel Rebars,12849.72,35 days,Pending,3.8/5.0
7671,Smith-Kelly,APAC,Cement Bags,8804.23,28 days,Active,3.3/5.0
7672,Miller Inc,NA,Cement Bags,11730.62,6 days,Active,3.7/5.0
7673,Fry-Hill,LATAM,Scaffolding,410.65,23 days,Active,2.9/5.0
7674,Payne LLC,MEA,Concrete Mixers,810.77,32 days,Inactive,4.7/5.0
7675,"Smith, King and Martin",MEA,Steel Rebars,14949.04,16 days,Pending,2.6/5.0
7676,Williams-Jennings,MEA,Concrete Mixers,4961.64,18 days,Pending,4.1/5.0
7677,Hunter Group,APAC,Concrete Mixers,7617.57,12 days,Active,4.7/5.0
7678,"Parker, Montoya and Berry",MEA,Glass Panels,8186.31,36 days,Inactive,2.5/5.0
7679,Herrera Ltd,LATAM,Glass Panels,68.69,37 days,Inactive,2.6/5.0
7680,Gilmore Group,APAC,Cement Bags,8726.34,38 days,Active,4.4/5.0
7681,Hill-Thornton,NA,Concrete Mixers,14818.01,7 days,Active,3.0/5.0
7682,Ruiz LLC,APAC,Steel Rebars,5612.43,36 days,Active,4.5/5.0
7683,Davis-Rodriguez,NA,Glass Panels,540.6,30 days,Pending,4.0/5.0
7684,Saunders-Mccormick,MEA,Scaffolding,4779.47,33 days,Inactive,3.7/5.0
7685,Burns-Lopez,EU,Steel Rebars,772.47,10 days,Active,3.9/5.0
7686,"Owens, Hansen and Martinez",LATAM,Cement Bags,9882.58,34 days,Inactive,4.6/5.0
7687,Maynard Group,LATAM,Cement Bags,2028.25,7 days,Inactive,3.5/5.0
7688,Kim-Gilmore,NA,Steel Rebars,12434.78,37 days,Inactive,4.9/5.0
7689,Adams-Hunter,NA,Concrete Mixers,5000.71,23 days,Pending,3.3/5.0
7690,"Watkins, Marsh and Gutierrez",APAC,Concrete Mixers,7663.02,36 days,Pending,4.4/5.0
7691,Johnson and Sons,EU,Scaffolding,9818.71,5 days,Inactive,4.6/5.0
7692,Fields Ltd,MEA,Cement Bags,3118.37,26 days,Active,3.7/5.0
7693,Herrera-Mendoza,NA,Concrete Mixers,12713.07,8 days,Inactive,4.1/5.0
7694,"Chase, Fowler and Long",NA,Cement Bags,12529.54,18 days,Inactive,4.3/5.0
7695,Baxter Inc,LATAM,Glass Panels,14262.49,33 days,Active,3.0/5.0
7696,Gomez Inc,LATAM,Steel Rebars,2791.9,39 days,Inactive,3.0/5.0
7697,"Barker, Jenkins and Adams",MEA,Glass Panels,6847.18,34 days,Active,4.9/5.0
7698,Chandler-Thompson,NA,Scaffolding,4674.24,6 days,Active,3.0/5.0
7699,Richards-Cooke,EU,Scaffolding,6454.56,7 days,Pending,3.9/5.0
7700,Orozco LLC,NA,Steel Rebars,5983.33,18 days,Inactive,4.5/5.0
7701,Sanders-Ashley,EU,Concrete Mixers,3785.4,18 days,Inactive,2.9/5.0
7702,Brown PLC,NA,Concrete Mixers,14875.62,27 days,Active,2.7/5.0
7703,"Schneider, Robinson and Taylor",APAC,Steel Rebars,11223.72,36 days,Active,2.6/5.0
7704,"Mays, Ward and Mcconnell",APAC,Scaffolding,14828.95,17 days,Inactive,2.5/5.0
7705,Graham LLC,LATAM,Scaffolding,11631.95,9 days,Inactive,2.8/5.0
7706,"Foster, Johnson and Pace",LATAM,Steel Rebars,624.62,20 days,Inactive,4.9/5.0
7707,Hall-Carter,EU,Scaffolding,984.98,23 days,Pending,4.7/5.0
7708,Mcclure-Robinson,EU,Cement Bags,4090.59,30 days,Inactive,2.8/5.0
7709,Green LLC,LATAM,Scaffolding,10203.98,36 days,Active,3.0/5.0
7710,Merritt Inc,LATAM,Scaffolding,14033.79,29 days,Inactive,4.2/5.0
7711,Fleming PLC,LATAM,Steel Rebars,130.13,22 days,Inactive,3.7/5.0
7712,"Cohen, Dillon and Carroll",NA,Scaffolding,8408.51,11 days,Active,3.8/5.0
7713,Daugherty-Hudson,APAC,Glass Panels,5876.47,24 days,Pending,4.1/5.0
7714,"Little, Reid and Fitzgerald",MEA,Glass Panels,4146.45,18 days,Active,3.7/5.0
7715,Nichols LLC,EU,Glass Panels,6707.04,22 days,Inactive,4.1/5.0
7716,"Smith, Ray and Rodriguez",MEA,Glass Panels,12861.06,36 days,Inactive,4.9/5.0
7717,Nguyen Inc,LATAM,Scaffolding,1573.33,37 days,Active,3.2/5.0
7718,Steele-Adams,LATAM,Scaffolding,9730.63,14 days,Active,3.1/5.0
7719,Gilbert-Martinez,NA,Scaffolding,11056.63,22 days,Inactive,2.9/5.0
7720,Sanford-Morgan,LATAM,Cement Bags,2568.65,32 days,Pending,3.3/5.0
7721,Valdez LLC,EU,Cement Bags,497.24,17 days,Pending,3.2/5.0
7722,Garrett-Cortez,MEA,Steel Rebars,13971.04,15 days,Inactive,2.8/5.0
7723,Rivera PLC,MEA,Steel Rebars,2279.55,22 days,Active,4.1/5.0
7724,Herrera-Robinson,EU,Steel Rebars,5475.29,27 days,Pending,4.1/5.0
7725,Curry-Kelly,EU,Scaffolding,8465.15,13 days,Inactive,2.6/5.0
7726,Johnson-Mcconnell,NA,Concrete Mixers,3905.85,38 days,Pending,4.7/5.0
7727,Brown and Sons,NA,Cement Bags,5821.99,33 days,Active,4.4/5.0
7728,Torres-Martin,MEA,Cement Bags,371.77,15 days,Inactive,2.7/5.0
7729,Weaver-Ray,NA,Steel Rebars,10724.31,11 days,Inactive,3.2/5.0
7730,Cochran-May,NA,Glass Panels,12249.2,37 days,Pending,4.5/5.0
7731,"Bell, Miller and Stanley",EU,Scaffolding,5848.28,13 days,Active,3.9/5.0
7732,"Smith, Webb and Miller",APAC,Concrete Mixers,6138.63,37 days,Active,2.9/5.0
7733,Castro Inc,LATAM,Scaffolding,4790.01,12 days,Inactive,2.6/5.0
7734,"Warner, Stafford and Wallace",MEA,Concrete Mixers,12638.99,38 days,Inactive,3.5/5.0
7735,Rodriguez-Hunter,APAC,Cement Bags,9071.88,32 days,Pending,4.9/5.0
7736,"Adams, Holder and Lee",EU,Concrete Mixers,369.76,33 days,Inactive,4.9/5.0
7737,Hubbard PLC,LATAM,Concrete Mixers,4606.01,8 days,Active,4.3/5.0
7738,Clark PLC,APAC,Scaffolding,6145.83,19 days,Inactive,2.8/5.0
7739,Wood-Grant,EU,Cement Bags,13684.45,5 days,Active,2.6/5.0
7740,Sullivan-Bowers,EU,Concrete Mixers,3446.86,34 days,Pending,3.7/5.0
7741,"Myers, Mcdowell and Hill",EU,Steel Rebars,14282.8,36 days,Pending,4.3/5.0
7742,Griffin-Jones,MEA,Scaffolding,391.02,26 days,Inactive,4.0/5.0
7743,"Fletcher, Brooks and Miller",MEA,Concrete Mixers,11988.6,7 days,Inactive,3.2/5.0
7744,"Guerra, Bryant and Curtis",EU,Glass Panels,6476.8,8 days,Inactive,5.0/5.0
7745,Hodge-Nguyen,EU,Scaffolding,10957.21,38 days,Active,3.3/5.0
7746,Grant-Gomez,LATAM,Cement Bags,11966.63,7 days,Pending,4.7/5.0
7747,"Mitchell, Fisher and Frazier",MEA,Steel Rebars,3421.85,32 days,Pending,4.8/5.0
7748,Chung-Wilson,LATAM,Steel Rebars,2437.89,21 days,Active,3.9/5.0
7749,"Munoz, Diaz and Miles",LATAM,Concrete Mixers,3199.97,37 days,Active,3.3/5.0
7750,"Brown, Gibbs and Brennan",NA,Scaffolding,12559.96,34 days,Pending,3.9/5.0
7751,Rojas PLC,MEA,Cement Bags,13133.57,33 days,Pending,4.7/5.0
7752,Hill Group,NA,Cement Bags,11466.25,13 days,Active,4.3/5.0
7753,Smith PLC,APAC,Steel Rebars,4844.66,23 days,Pending,3.2/5.0
7754,George-Yu,NA,Glass Panels,3099.9,13 days,Pending,3.5/5.0
7755,Dunn-Lopez,EU,Scaffolding,14895.91,23 days,Pending,2.7/5.0
7756,"Zamora, George and Hines",MEA,Steel Rebars,3345.39,35 days,Active,3.9/5.0
7757,Brewer-Norris,LATAM,Cement Bags,8264.91,25 days,Inactive,4.4/5.0
7758,Moran-Brown,LATAM,Steel Rebars,5879.57,30 days,Pending,4.2/5.0
7759,"Montoya, Solomon and Washington",APAC,Concrete Mixers,6324.67,19 days,Active,3.0/5.0
7760,Compton Ltd,EU,Steel Rebars,14398.73,31 days,Pending,3.2/5.0
7761,"Weaver, Lopez and Turner",LATAM,Cement Bags,1465.18,19 days,Active,3.9/5.0
7762,Carroll-Lynch,NA,Scaffolding,3478.93,16 days,Pending,2.6/5.0
7763,Stein PLC,APAC,Glass Panels,6998.72,10 days,Inactive,2.7/5.0
7764,Parker and Sons,EU,Cement Bags,5313.89,22 days,Active,4.2/5.0
7765,"Nixon, Cunningham and Mckenzie",APAC,Scaffolding,825.93,17 days,Inactive,3.9/5.0
7766,Lopez-Jordan,APAC,Glass Panels,14519.47,40 days,Active,4.6/5.0
7767,House-Miller,MEA,Glass Panels,5711.86,12 days,Inactive,4.0/5.0
7768,"Green, Williams and Campbell",EU,Glass Panels,8136.9,6 days,Inactive,2.9/5.0
7769,"Griffin, Young and Newman",EU,Steel Rebars,95.02,26 days,Pending,5.0/5.0
7770,Phelps-Martin,NA,Concrete Mixers,14847.79,27 days,Inactive,2.7/5.0
7771,"Johnson, Luna and Norman",MEA,Steel Rebars,13320.16,6 days,Active,2.6/5.0
7772,"Chaney, Thomas and Ray",NA,Steel Rebars,12588.08,31 days,Active,2.7/5.0
7773,"Ross, Reed and Campbell",APAC,Steel Rebars,10312.92,36 days,Pending,4.6/5.0
7774,"Mcclure, Hernandez and Hall",NA,Glass Panels,232.42,27 days,Inactive,2.5/5.0
7775,Jimenez-Martinez,APAC,Glass Panels,3624.12,29 days,Pending,4.5/5.0
7776,Washington PLC,NA,Cement Bags,12105.74,28 days,Inactive,2.7/5.0
7777,Mcgrath-Ball,APAC,Concrete Mixers,7824.35,27 days,Inactive,3.9/5.0
7778,Edwards LLC,APAC,Glass Panels,14924.63,18 days,Pending,3.7/5.0
7779,"Rodgers, Romero and Johns",MEA,Concrete Mixers,8030.38,5 days,Active,4.4/5.0
7780,"Scott, Martinez and Flowers",LATAM,Concrete Mixers,7592.23,25 days,Active,3.6/5.0
7781,Smith-Horton,APAC,Steel Rebars,5267.7,31 days,Active,4.5/5.0
7782,Miller-Gonzales,EU,Concrete Mixers,7057.87,30 days,Pending,4.7/5.0
7783,Mccoy LLC,APAC,Steel Rebars,2122.22,17 days,Pending,4.7/5.0
7784,Lara LLC,EU,Glass Panels,12073.11,25 days,Pending,4.6/5.0
7785,Jones Inc,APAC,Steel Rebars,12409.97,24 days,Pending,3.1/5.0
7786,Nguyen-Hernandez,LATAM,Steel Rebars,9197.58,32 days,Active,2.7/5.0
7787,"Moore, Sutton and Day",EU,Concrete Mixers,3161.67,21 days,Inactive,3.2/5.0
7788,Deleon-Rodriguez,APAC,Steel Rebars,14959.07,6 days,Pending,3.2/5.0
7789,"Brown, Ortega and Rodriguez",LATAM,Glass Panels,11313.86,37 days,Pending,4.4/5.0
7790,Williams-Martin,APAC,Concrete Mixers,8867.38,23 days,Inactive,2.9/5.0
7791,"Roberts, Hall and Wilson",MEA,Steel Rebars,9653.02,35 days,Active,3.6/5.0
7792,Williams-Williams,EU,Cement Bags,2253.71,22 days,Inactive,3.0/5.0
7793,"Griffith, Mccoy and Keller",MEA,Concrete Mixers,2129.94,28 days,Pending,4.9/5.0
7794,"Lee, Jacobs and Roberts",LATAM,Cement Bags,11052.89,32 days,Inactive,4.6/5.0
7795,"Taylor, Wolfe and Richard",EU,Steel Rebars,3453.79,29 days,Inactive,4.3/5.0
7796,Ford-Mendez,APAC,Cement Bags,12759.91,35 days,Pending,4.1/5.0
7797,"Leonard, Arroyo and Massey",LATAM,Concrete Mixers,5253.31,20 days,Inactive,4.8/5.0
7798,Anderson-Houston,APAC,Scaffolding,4031.14,19 days,Pending,4.9/5.0
7799,Kelly-Hartman,MEA,Scaffolding,563.45,17 days,Active,4.3/5.0
7800,"Kelley, Vega and Huang",APAC,Scaffolding,3972.28,40 days,Inactive,4.5/5.0
7801,Velez-Green,APAC,Scaffolding,11195.71,22 days,Pending,4.9/5.0
7802,Williams PLC,LATAM,Concrete Mixers,8322.94,40 days,Inactive,4.1/5.0
7803,Peters LLC,LATAM,Glass Panels,5037.91,30 days,Inactive,4.1/5.0
7804,Smith-Castro,APAC,Concrete Mixers,12746.87,18 days,Active,4.7/5.0
7805,"Cantu, Flores and Dixon",MEA,Concrete Mixers,14212.32,33 days,Inactive,2.9/5.0
7806,Hill-Ochoa,APAC,Steel Rebars,4620.13,20 days,Inactive,4.9/5.0
7807,Garrett and Sons,EU,Scaffolding,8328.28,12 days,Inactive,2.9/5.0
7808,Riley-Rocha,NA,Scaffolding,564.89,32 days,Inactive,2.9/5.0
7809,Hurst Inc,APAC,Steel Rebars,8523.62,15 days,Pending,3.7/5.0
7810,Anderson Inc,LATAM,Cement Bags,6601.58,34 days,Pending,3.4/5.0
7811,Jacobs-Clayton,NA,Steel Rebars,12747.65,9 days,Inactive,4.1/5.0
7812,Bond-Caldwell,APAC,Steel Rebars,11958.06,14 days,Inactive,2.9/5.0
7813,Rivera-Flores,NA,Glass Panels,14583.58,10 days,Active,2.6/5.0
7814,Dickerson-Marks,MEA,Steel Rebars,3890.85,11 days,Pending,3.9/5.0
7815,"Davidson, Lambert and Santiago",MEA,Scaffolding,2040.04,26 days,Pending,2.5/5.0
7816,"Brown, Brennan and Wright",NA,Concrete Mixers,14748.54,13 days,Active,4.2/5.0
7817,"Phelps, Alvarez and Baker",MEA,Steel Rebars,9915.43,24 days,Active,4.9/5.0
7818,Sullivan LLC,LATAM,Cement Bags,13263.69,39 days,Inactive,4.6/5.0
7819,"Manning, Waller and Miller",APAC,Cement Bags,14641.75,12 days,Inactive,4.0/5.0
7820,Erickson Inc,NA,Steel Rebars,9934.48,23 days,Active,4.7/5.0
7821,Lynch PLC,NA,Scaffolding,10657.64,22 days,Inactive,4.4/5.0
7822,Harrington Group,APAC,Steel Rebars,14661.65,25 days,Pending,3.2/5.0
7823,Ritter and Sons,EU,Cement Bags,12713.55,7 days,Pending,4.5/5.0
7824,Graham-West,MEA,Steel Rebars,7266.23,23 days,Pending,4.9/5.0
7825,Grimes-Leblanc,MEA,Glass Panels,5395.68,20 days,Pending,3.9/5.0
7826,"Howard, Hall and Gomez",APAC,Steel Rebars,9810.29,22 days,Active,3.1/5.0
7827,Turner Group,MEA,Glass Panels,6917.99,28 days,Active,2.8/5.0
7828,Castillo-Landry,MEA,Glass Panels,13726.42,20 days,Pending,4.8/5.0
7829,Mcgee-Shannon,NA,Cement Bags,9950.52,14 days,Pending,3.7/5.0
7830,Johnson Group,MEA,Steel Rebars,12637.28,28 days,Pending,4.9/5.0
7831,"Stone, Nichols and Woods",APAC,Cement Bags,6177.51,38 days,Active,4.6/5.0
7832,"Garcia, Padilla and Hansen",MEA,Glass Panels,11799.74,15 days,Inactive,2.8/5.0
7833,"Campbell, Rose and Henderson",MEA,Cement Bags,9215.54,37 days,Pending,3.2/5.0
7834,"Berry, Henderson and Woods",LATAM,Cement Bags,3603.69,22 days,Inactive,4.2/5.0
7835,Davis-Cox,APAC,Glass Panels,2420.84,35 days,Active,3.9/5.0
7836,Jones Inc,APAC,Scaffolding,14842.75,21 days,Active,2.8/5.0
7837,Johnston and Sons,LATAM,Steel Rebars,2090.29,18 days,Active,3.7/5.0
7838,Lewis PLC,MEA,Steel Rebars,11602.72,5 days,Inactive,3.9/5.0
7839,Baker Group,MEA,Concrete Mixers,10538.87,22 days,Pending,4.5/5.0
7840,"Newton, Lyons and Mason",LATAM,Glass Panels,14913.29,25 days,Pending,2.6/5.0
7841,Tucker Group,APAC,Cement Bags,3964.57,30 days,Pending,4.2/5.0
7842,"Ferguson, Avery and Wilson",EU,Concrete Mixers,11038.88,35 days,Pending,4.6/5.0
7843,"Yu, Coleman and Shaffer",APAC,Glass Panels,2505.27,10 days,Inactive,3.1/5.0
7844,"Williams, Bryan and Tanner",LATAM,Cement Bags,560.98,27 days,Pending,2.6/5.0
7845,Garcia-Jacobs,APAC,Glass Panels,4774.02,7 days,Pending,4.7/5.0
7846,"Smith, Burgess and Mayer",LATAM,Glass Panels,11469.89,26 days,Active,3.9/5.0
7847,"Keller, Melendez and Gray",MEA,Glass Panels,8359.16,19 days,Active,3.2/5.0
7848,Scott-Clark,MEA,Cement Bags,14667.98,37 days,Inactive,4.6/5.0
7849,Avila Ltd,LATAM,Steel Rebars,14561.48,9 days,Pending,2.6/5.0
7850,Ortiz-Brown,LATAM,Glass Panels,4101.71,31 days,Inactive,4.1/5.0
7851,Ramos PLC,APAC,Concrete Mixers,8359.59,8 days,Inactive,3.4/5.0
7852,"Clark, Peterson and Saunders",MEA,Concrete Mixers,11264.53,7 days,Active,2.9/5.0
7853,Proctor-Riley,EU,Concrete Mixers,3712.13,20 days,Inactive,2.7/5.0
7854,"Sanders, Colon and Robinson",LATAM,Glass Panels,10388.02,12 days,Active,3.4/5.0
7855,Freeman-Cook,EU,Concrete Mixers,2157.42,40 days,Active,3.4/5.0
7856,Mosley-Taylor,APAC,Glass Panels,10871.09,12 days,Active,2.6/5.0
7857,"Gillespie, Brown and Young",APAC,Steel Rebars,9532.14,36 days,Pending,3.7/5.0
7858,Harvey-Perez,APAC,Glass Panels,4567.4,28 days,Active,4.9/5.0
7859,Murphy Ltd,EU,Steel Rebars,13451.73,23 days,Active,3.0/5.0
7860,"Pugh, Richards and Carroll",APAC,Scaffolding,9368.55,29 days,Inactive,4.1/5.0
7861,"Douglas, Rose and Lee",MEA,Glass Panels,4327.06,8 days,Pending,4.0/5.0
7862,Sanders-Cohen,APAC,Concrete Mixers,401.18,8 days,Active,4.0/5.0
7863,"Francis, Terry and Mcmillan",MEA,Glass Panels,3867.19,27 days,Inactive,2.6/5.0
7864,Beck-Bryant,APAC,Concrete Mixers,6852.97,37 days,Pending,4.3/5.0
7865,Burton Ltd,NA,Cement Bags,7641.75,30 days,Active,2.6/5.0
7866,"Rivers, Lee and Ryan",NA,Cement Bags,7574.6,19 days,Pending,4.5/5.0
7867,Smith Inc,LATAM,Glass Panels,7549.49,7 days,Pending,3.2/5.0
7868,Cannon Inc,NA,Concrete Mixers,12941.92,19 days,Inactive,4.8/5.0
7869,Martin-Young,MEA,Concrete Mixers,7320.67,9 days,Active,2.6/5.0
7870,Barber-Fields,LATAM,Glass Panels,11524.41,31 days,Active,4.5/5.0
7871,"George, Peterson and Gordon",EU,Glass Panels,5974.33,33 days,Pending,4.0/5.0
7872,"Woodard, Brown and Espinoza",LATAM,Concrete Mixers,11064.15,36 days,Pending,2.6/5.0
7873,"Knight, Smith and Daniel",LATAM,Cement Bags,7920.78,9 days,Active,4.3/5.0
7874,Bishop-Mathis,APAC,Glass Panels,503.34,6 days,Active,4.7/5.0
7875,"Reeves, Marshall and Pineda",NA,Cement Bags,11753.28,20 days,Active,3.2/5.0
7876,"Crawford, Murray and Williams",LATAM,Scaffolding,3175.11,20 days,Inactive,4.1/5.0
7877,"Wheeler, Henderson and Caldwell",MEA,Glass Panels,9699.19,33 days,Pending,3.9/5.0
7878,Sims-Taylor,MEA,Steel Rebars,11025.52,10 days,Active,3.7/5.0
7879,"Fisher, Quinn and Anderson",MEA,Steel Rebars,3422.79,17 days,Pending,3.0/5.0
7880,Shaw-Lee,LATAM,Concrete Mixers,8782.53,28 days,Pending,2.6/5.0
7881,"Martin, Warren and Anderson",EU,Steel Rebars,8770.82,39 days,Inactive,2.8/5.0
7882,Miller and Sons,MEA,Cement Bags,6410.85,18 days,Pending,3.4/5.0
7883,"Burnett, Taylor and Weiss",MEA,Scaffolding,13550.26,22 days,Inactive,2.7/5.0
7884,"Johnson, Miller and Flores",NA,Glass Panels,9223.67,13 days,Pending,4.2/5.0
7885,Blake-Fields,EU,Concrete Mixers,12703.57,36 days,Pending,4.7/5.0
7886,"Cortez, Carr and Mccoy",LATAM,Glass Panels,13576.37,12 days,Pending,3.0/5.0
7887,Blake-Ellison,EU,Scaffolding,4266.61,24 days,Inactive,3.0/5.0
7888,"Ward, Gay and Anderson",LATAM,Glass Panels,8770.65,28 days,Pending,3.5/5.0
7889,Jones-Stark,EU,Scaffolding,361.67,26 days,Inactive,3.6/5.0
7890,Pruitt LLC,NA,Cement Bags,14214.1,37 days,Pending,3.0/5.0
7891,Baker-Sloan,NA,Glass Panels,5692.96,11 days,Inactive,3.9/5.0
7892,Lopez-Spencer,NA,Scaffolding,13930.4,13 days,Active,3.0/5.0
7893,Lee PLC,EU,Steel Rebars,8693.64,8 days,Inactive,3.8/5.0
7894,"Anderson, Palmer and Morales",APAC,Concrete Mixers,5559.33,34 days,Inactive,2.8/5.0
7895,Johnston-Brown,APAC,Glass Panels,12281.39,31 days,Inactive,2.6/5.0
7896,"Nichols, Davis and Brown",APAC,Scaffolding,12176.13,38 days,Active,3.5/5.0
7897,Wells and Sons,LATAM,Scaffolding,2529.39,11 days,Inactive,3.2/5.0
7898,"Martin, Walsh and Wood",NA,Glass Panels,6555.75,6 days,Active,3.4/5.0
7899,Castillo Inc,MEA,Steel Rebars,4222.33,6 days,Pending,3.3/5.0
7900,Chavez Inc,MEA,Steel Rebars,14916.61,6 days,Inactive,4.9/5.0
7901,Hall Inc,APAC,Cement Bags,4721.97,20 days,Pending,2.7/5.0
7902,"Brewer, Liu and Pearson",LATAM,Concrete Mixers,1126.51,38 days,Active,3.5/5.0
7903,Strong Ltd,LATAM,Cement Bags,13513.26,11 days,Inactive,4.5/5.0
7904,"Garcia, Juarez and Bradley",APAC,Steel Rebars,4244.95,34 days,Active,2.7/5.0
7905,Simmons-Lane,APAC,Cement Bags,14097.57,9 days,Inactive,3.1/5.0
7906,"Thomas, Beck and Marks",MEA,Glass Panels,3753.09,33 days,Active,4.6/5.0
7907,Thompson-Erickson,LATAM,Steel Rebars,668.21,10 days,Inactive,4.0/5.0
7908,"Jimenez, Davis and Pena",EU,Steel Rebars,9487.48,28 days,Pending,4.7/5.0
7909,Medina-Leblanc,MEA,Concrete Mixers,9474.3,32 days,Inactive,4.9/5.0
7910,Evans PLC,NA,Concrete Mixers,10916.78,26 days,Active,4.6/5.0
7911,Burns and Sons,APAC,Steel Rebars,12577.32,37 days,Pending,3.4/5.0
7912,"Rodriguez, Hopkins and Curry",APAC,Concrete Mixers,12408.64,19 days,Active,4.1/5.0
7913,Wood-Evans,LATAM,Concrete Mixers,9421.6,13 days,Inactive,2.5/5.0
7914,Perez Inc,APAC,Cement Bags,3355.0,24 days,Pending,2.8/5.0
7915,Vargas Inc,APAC,Glass Panels,774.61,31 days,Inactive,4.3/5.0
7916,Sparks Inc,LATAM,Cement Bags,7886.22,40 days,Pending,5.0/5.0
7917,Warren-Rodriguez,LATAM,Steel Rebars,5865.15,26 days,Pending,2.6/5.0
7918,"Lambert, Maddox and Harrington",MEA,Cement Bags,6719.01,33 days,Pending,4.2/5.0
7919,Knight LLC,NA,Glass Panels,6663.34,7 days,Active,4.6/5.0
7920,Herrera-Hartman,NA,Scaffolding,6420.59,23 days,Active,5.0/5.0
7921,Jones-Smith,MEA,Cement Bags,10165.69,24 days,Inactive,4.9/5.0
7922,Haney Inc,NA,Glass Panels,13521.58,24 days,Pending,4.5/5.0
7923,"Espinoza, Snyder and Diaz",APAC,Steel Rebars,8927.66,40 days,Inactive,3.8/5.0
7924,Jackson LLC,LATAM,Scaffolding,10868.64,23 days,Pending,3.7/5.0
7925,"Hatfield, Johnson and Clark",NA,Steel Rebars,11421.07,30 days,Active,3.8/5.0
7926,"Glass, Martin and Lang",APAC,Scaffolding,10864.62,39 days,Inactive,3.2/5.0
7927,Hill LLC,MEA,Concrete Mixers,5738.53,31 days,Inactive,3.6/5.0
7928,Mcguire LLC,MEA,Concrete Mixers,5576.56,28 days,Inactive,3.7/5.0
7929,"Pierce, Wallace and Copeland",MEA,Concrete Mixers,13062.09,7 days,Pending,3.4/5.0
7930,Frost PLC,MEA,Scaffolding,11106.59,19 days,Pending,3.3/5.0
7931,"Webster, Harper and Clark",APAC,Scaffolding,5361.47,12 days,Pending,3.9/5.0
7932,"Griffin, Sosa and Harris",LATAM,Steel Rebars,10730.12,20 days,Inactive,4.7/5.0
7933,Sullivan-Koch,APAC,Concrete Mixers,995.68,6 days,Active,4.1/5.0
7934,"Brown, Hunt and Miller",EU,Scaffolding,14593.49,22 days,Active,4.9/5.0
7935,Khan-Cruz,APAC,Glass Panels,13354.58,8 days,Inactive,4.9/5.0
7936,"Smith, Chen and Thomas",LATAM,Concrete Mixers,8847.15,9 days,Inactive,3.0/5.0
7937,Davis-Hughes,EU,Scaffolding,10045.88,7 days,Pending,3.4/5.0
7938,Reyes-Pearson,APAC,Steel Rebars,4927.6,13 days,Inactive,3.6/5.0
7939,Robinson-Miller,NA,Cement Bags,5788.8,22 days,Active,4.5/5.0
7940,Rice PLC,NA,Steel Rebars,7558.01,7 days,Active,4.6/5.0
7941,Wilson-Carroll,MEA,Glass Panels,9697.37,21 days,Inactive,5.0/5.0
7942,"Williams, Martin and Carpenter",LATAM,Glass Panels,2505.19,16 days,Inactive,4.7/5.0
7943,"Fuentes, Strickland and Ruiz",MEA,Glass Panels,7522.04,12 days,Active,3.3/5.0
7944,Robertson LLC,EU,Glass Panels,6600.31,11 days,Inactive,3.5/5.0
7945,"Carter, Schultz and Sexton",APAC,Steel Rebars,561.18,20 days,Inactive,3.5/5.0
7946,Castillo LLC,APAC,Cement Bags,4919.31,18 days,Active,4.7/5.0
7947,Stanton-Villanueva,LATAM,Steel Rebars,1470.87,22 days,Inactive,4.2/5.0
7948,Olson-Carr,NA,Cement Bags,5667.6,31 days,Pending,3.4/5.0
7949,Hicks LLC,EU,Glass Panels,3962.55,38 days,Inactive,3.1/5.0
7950,Humphrey-Sparks,EU,Cement Bags,13233.54,21 days,Pending,3.4/5.0
7951,"Bell, Lopez and Case",NA,Scaffolding,13275.43,40 days,Inactive,4.0/5.0
7952,"Holt, Harris and Allen",LATAM,Glass Panels,12818.65,37 days,Active,3.4/5.0
7953,Gonzalez LLC,LATAM,Scaffolding,10918.48,37 days,Inactive,3.8/5.0
7954,Coleman-Martinez,MEA,Cement Bags,10782.15,19 days,Active,3.3/5.0
7955,"Porter, Brown and Cunningham",APAC,Steel Rebars,2721.0,22 days,Pending,4.5/5.0
7956,"Villegas, Hall and Guerra",EU,Glass Panels,9556.15,8 days,Active,3.1/5.0
7957,Rogers and Sons,EU,Glass Panels,2063.49,34 days,Pending,3.0/5.0
7958,Hawkins PLC,EU,Scaffolding,10710.19,38 days,Pending,3.7/5.0
7959,Beasley PLC,EU,Concrete Mixers,8862.93,24 days,Pending,4.6/5.0
7960,Howell-Lawrence,APAC,Steel Rebars,10810.72,34 days,Pending,3.6/5.0
7961,"Duncan, Huang and Perez",EU,Cement Bags,8428.6,7 days,Inactive,3.3/5.0
7962,Hall and Sons,NA,Concrete Mixers,2244.42,39 days,Pending,4.1/5.0
7963,"Weaver, Roberts and Long",EU,Steel Rebars,6319.81,27 days,Active,4.7/5.0
7964,Johnson-Potts,APAC,Steel Rebars,5985.62,17 days,Active,4.1/5.0
7965,Eaton-Evans,APAC,Cement Bags,11359.38,6 days,Active,4.1/5.0
7966,Mcmillan-Chandler,APAC,Scaffolding,13687.61,26 days,Inactive,2.6/5.0
7967,Mcintyre PLC,LATAM,Cement Bags,4424.37,16 days,Active,3.9/5.0
7968,"Jackson, Figueroa and Cardenas",EU,Glass Panels,4481.38,8 days,Active,3.1/5.0
7969,Perry Inc,EU,Concrete Mixers,9757.8,9 days,Inactive,4.2/5.0
7970,Martin-Solis,APAC,Glass Panels,10803.95,6 days,Active,3.7/5.0
7971,Carr Inc,NA,Glass Panels,11538.85,30 days,Pending,4.4/5.0
7972,Oconnor-Donaldson,APAC,Steel Rebars,10568.46,16 days,Active,3.9/5.0
7973,Jones-Robertson,APAC,Concrete Mixers,4000.59,27 days,Pending,3.5/5.0
7974,Chandler Inc,LATAM,Scaffolding,10675.58,37 days,Active,3.2/5.0
7975,Weber-Clark,MEA,Glass Panels,14279.74,9 days,Pending,3.7/5.0
7976,"Mendez, Barker and Gilbert",NA,Scaffolding,5381.53,10 days,Inactive,3.7/5.0
7977,Mendoza-Potts,EU,Cement Bags,4721.9,26 days,Inactive,4.6/5.0
7978,"Juarez, Nichols and Payne",EU,Glass Panels,11411.47,37 days,Pending,4.1/5.0
7979,Black Ltd,LATAM,Glass Panels,7167.63,27 days,Inactive,3.6/5.0
7980,Joseph Group,MEA,Cement Bags,5288.23,23 days,Pending,4.9/5.0
7981,Robinson-Peterson,MEA,Scaffolding,6689.27,12 days,Inactive,3.8/5.0
7982,"Patel, Kim and Hampton",LATAM,Cement Bags,13179.25,24 days,Inactive,4.9/5.0
7983,Cohen Inc,MEA,Steel Rebars,14155.64,15 days,Inactive,3.7/5.0
7984,Sandoval-Jackson,APAC,Cement Bags,3156.08,38 days,Active,3.2/5.0
7985,Nichols-Gonzales,MEA,Scaffolding,3301.53,5 days,Inactive,3.2/5.0
7986,"Henderson, Barnett and Solis",MEA,Cement Bags,1941.65,37 days,Inactive,4.2/5.0
7987,"Ray, Stone and Stephens",EU,Scaffolding,11758.52,21 days,Active,3.7/5.0
7988,"Hubbard, Patton and Moore",MEA,Scaffolding,333.28,31 days,Active,4.1/5.0
7989,Smith-Rivera,EU,Concrete Mixers,147.23,14 days,Inactive,4.6/5.0
7990,Carter Group,APAC,Concrete Mixers,2062.54,27 days,Active,4.9/5.0
7991,"Sanford, Boone and Palmer",APAC,Concrete Mixers,898.15,8 days,Pending,3.4/5.0
7992,Garner Group,EU,Glass Panels,12914.89,19 days,Pending,4.6/5.0
7993,Hill-Solis,NA,Concrete Mixers,6240.95,17 days,Pending,2.8/5.0
7994,"Sullivan, Avery and Franklin",EU,Concrete Mixers,7625.92,17 days,Inactive,4.0/5.0
7995,Ortiz-Glover,LATAM,Scaffolding,2118.27,17 days,Inactive,4.4/5.0
7996,Scott PLC,MEA,Scaffolding,14949.68,37 days,Active,3.0/5.0
7997,Bell and Sons,MEA,Cement Bags,14686.19,22 days,Active,2.7/5.0
7998,Rodriguez Inc,EU,Concrete Mixers,5740.58,15 days,Inactive,2.7/5.0
7999,Murphy Ltd,EU,Scaffolding,12579.89,11 days,Pending,3.8/5.0
8000,Willis Inc,LATAM,Glass Panels,11831.52,7 days,Inactive,2.9/5.0
